Com,4
Node,573
SN,2428-0573
Firmware,8.00
Num Channels,4
Sample Rate,1 sample per 10 sec
Date (GMT),13/05/2014 07:56:50
Time (GMT),07:56:46:261


Calibration Coefficients
Channel,1,Slope,0.200373,Offset,-478.49,Units,µStrain
Channel,2,Slope,0.198525,Offset,-465.343,Units,µStrain
Channel,3,Slope,0.199383,Offset,-413.72,Units,µStrain
Channel,8,Slope,0.117188,Offset,-67.84,Units,°C

Timestamp (GMT),Timer Tick,Channel 1,Channel 2,Channel 3,Channel 8,Node RSSI (dBm),Base RSSI (dBm)
13/05/2014 07:56:50.101750000,0,-70.3302002,173.7089844,270.7618713,25.32446289,-28,-73
13/05/2014 07:57:00.101750000,1,-61.91453552,149.2904053,284.5192871,25.32446289,-27,-73
13/05/2014 07:57:10.101750000,2,-58.70856857,151.27565,284.5192871,25.32446289,-28,-71
13/05/2014 07:57:20.101750000,3,-58.10744858,152.665329,283.9211426,25.32446289,-26,-69
13/05/2014 07:57:30.101750000,4,-52.49700546,141.1508789,132.3900452,25.32446289,-26,-73
13/05/2014 07:57:40.101750000,5,-37.66940308,137.1803741,30.10656929,25.32446289,-28,-73
13/05/2014 07:57:50.101750000,6,-28.45224571,39.7046051,77.36034393,25.32446289,-30,-75
13/05/2014 07:58:00.101750000,7,-74.13729095,5.955355167,58.81772232,25.32446289,-22,-65
13/05/2014 07:58:10.101750000,8,-74.73841095,-19.05879402,28.71088791,25.32446289,-22,-69
13/05/2014 07:58:20.101750000,9,-75.53990173,-4.96352005,47.85165787,25.32446289,-26,-65
13/05/2014 07:58:30.101750000,10,-75.53990173,-3.970894814,50.24425125,25.32446289,-26,-66
13/05/2014 07:58:40.101750000,11,-70.53057098,1.786329985,34.692379,25.20727539,-22,-65
13/05/2014 07:58:50.101750000,12,-109.2025604,110.5780258,333.1687317,25.20727539,-22,-66
13/05/2014 07:59:00.101750000,13,-63.9182663,-30.37471962,-22.72992706,25.20727539,-22,-73
13/05/2014 07:59:10.101750000,14,-76.94251251,-2.779744864,48.44980621,25.20727539,-29,-67
13/05/2014 07:59:20.101750000,15,-74.33766174,-7.742869854,35.88867569,25.20727539,-24,-79
13/05/2014 07:59:30.101750000,16,-98.9835434,-32.55849457,33.09731293,25.20727539,-35,-73
13/05/2014 07:59:40.101750000,17,-212.9957733,-21.63961983,47.65227509,25.20727539,-26,-68
13/05/2014 07:59:50.101750000,18,-216.4021149,-12.50747013,50.04486847,25.20727539,-24,-79
13/05/2014 08:00:00.101750000,19,-219.006958,-17.27206993,48.05104065,25.20727539,-32,-77
13/05/2014 08:00:10.101750000,20,-220.209198,-15.68386936,48.649189,25.20727539,-34,-81
13/05/2014 08:00:20.101750000,21,-220.6099396,-15.68386936,48.84857178,25.20727539,-39,-81
13/05/2014 08:00:30.101750000,22,-221.6118164,-15.48534489,48.44980621,25.20727539,-38,-77
13/05/2014 08:00:40.101750000,23,-221.411438,-15.88239479,48.649189,25.20727539,-35,-79
13/05/2014 08:00:50.101750000,24,-222.8140564,-15.28681946,49.04795456,25.20727539,-38,-69
13/05/2014 08:01:00.101750000,25,-222.613678,-15.48534489,48.44980621,25.20727539,-26,-69
13/05/2014 08:01:10.101750000,26,-221.8121796,-15.48534489,48.44980621,25.20727539,-26,-80
13/05/2014 08:01:20.101750000,27,-269.7013245,-17.86764526,47.85165787,25.20727539,-36,-73
13/05/2014 08:01:30.101750000,28,-238.4431458,-14.88976955,49.04795456,25.20727539,-27,-89
13/05/2014 08:01:40.101750000,29,-236.0386658,-16.6764946,47.05412292,25.20727539,-45,-76
13/05/2014 08:01:50.101750000,30,-235.0368042,-14.88976955,48.05104065,25.20727539,-31,-79
13/05/2014 08:02:00.101750000,31,-232.4319611,-18.86026955,49.04795456,25.20727539,-35,-83
13/05/2014 08:02:10.101750000,32,-231.8308411,-19.2573204,48.25042343,25.20727539,-42,-81
13/05/2014 08:02:20.101750000,33,-232.0312042,-18.26469421,48.25042343,25.20727539,-40,-69
13/05/2014 08:02:30.101750000,34,-232.6323242,-18.66174507,48.84857178,25.20727539,-27,-69
13/05/2014 08:02:40.101750000,35,-233.2334442,-18.26469421,48.649189,25.20727539,-26,-69
13/05/2014 08:02:50.101750000,36,-232.6323242,-18.46321869,48.649189,25.20727539,-26,-69
13/05/2014 08:03:00.101750000,37,-233.2334442,-19.05879402,48.44980621,25.20727539,-26,-69
13/05/2014 08:03:10.101750000,38,-232.2315826,-18.26469421,48.84857178,25.20727539,-26,-69
13/05/2014 08:03:20.101750000,39,-233.4338226,-18.46321869,49.04795456,25.20727539,-26,-69
13/05/2014 08:03:30.101750000,40,-232.8327026,-18.46321869,48.84857178,25.20727539,-26,-69
13/05/2014 08:03:40.101750000,41,-232.4319611,-19.05879402,49.04795456,25.20727539,-26,-69
13/05/2014 08:03:50.101750000,42,-232.2315826,-18.26469421,48.649189,25.20727539,-26,-69
13/05/2014 08:04:00.101750000,43,-232.2315826,-18.86026955,49.04795456,25.20727539,-26,-69
13/05/2014 08:04:10.101750000,44,-232.2315826,-19.05879402,49.44672012,25.20727539,-26,-69
13/05/2014 08:04:20.101750000,45,-232.6323242,-18.66174507,48.649189,25.20727539,-26,-69
13/05/2014 08:04:30.101750000,46,-232.4319611,-18.46321869,49.44672012,25.20727539,-26,-69
13/05/2014 08:04:40.101750000,47,-232.4319611,-18.46321869,48.84857178,25.20727539,-26,-69
13/05/2014 08:04:50.101750000,48,-232.6323242,-18.26469421,48.84857178,25.20727539,-26,-69
13/05/2014 08:05:00.101750000,49,-232.4319611,-18.06616974,48.84857178,25.20727539,-26,-69
13/05/2014 08:05:10.101750000,50,-232.4319611,-19.2573204,48.84857178,25.20727539,-26,-69
13/05/2014 08:05:20.101750000,51,-231.4300842,-18.26469421,48.649189,25.20727539,-26,-69
13/05/2014 08:05:30.101750000,52,-231.4300842,-18.66174507,49.24733734,25.20727539,-26,-69
13/05/2014 08:05:40.101750000,53,-231.6304626,-18.26469421,48.84857178,25.20727539,-26,-69
13/05/2014 08:05:50.101750000,54,-231.4300842,-18.66174507,49.24733734,25.20727539,-26,-69
13/05/2014 08:06:00.101750000,55,-232.0312042,-18.66174507,48.44980621,25.20727539,-26,-69
13/05/2014 08:06:10.101750000,56,-231.8308411,-18.06616974,48.44980621,25.20727539,-26,-69
13/05/2014 08:06:20.101750000,57,-232.2315826,-18.46321869,48.84857178,25.20727539,-26,-69
13/05/2014 08:06:30.101750000,58,-232.0312042,-18.26469421,48.44980621,25.20727539,-26,-69
13/05/2014 08:06:40.101750000,59,-231.4300842,-18.66174507,48.44980621,25.20727539,-26,-69
13/05/2014 08:06:50.101750000,60,-231.2297211,-18.66174507,48.25042343,25.20727539,-26,-69
13/05/2014 08:07:00.101750000,61,-232.4319611,-18.26469421,48.05104065,25.20727539,-26,-69
13/05/2014 08:07:10.101750000,62,-231.2297211,-18.66174507,49.24733734,25.20727539,-26,-69
13/05/2014 08:07:20.101750000,63,-231.2297211,-18.46321869,48.649189,25.20727539,-26,-69
13/05/2014 08:07:30.101750000,64,-231.2297211,-18.46321869,48.25042343,25.20727539,-26,-69
13/05/2014 08:07:40.101750000,65,-231.4300842,-19.05879402,48.649189,25.20727539,-26,-69
13/05/2014 08:07:50.101750000,66,-231.8308411,-18.66174507,48.44980621,25.20727539,-26,-69
13/05/2014 08:08:00.101750000,67,-231.2297211,-18.86026955,48.84857178,25.20727539,-26,-69
13/05/2014 08:08:10.101750000,68,-231.6304626,-18.66174507,48.25042343,25.20727539,-26,-69
13/05/2014 08:08:20.101750000,69,-231.6304626,-19.05879402,48.44980621,25.20727539,-26,-69
13/05/2014 08:08:30.101750000,70,-231.4300842,-18.66174507,48.84857178,25.20727539,-26,-69
13/05/2014 08:08:40.101750000,71,-231.4300842,-18.86026955,49.04795456,25.20727539,-26,-69
13/05/2014 08:08:50.101750000,72,-230.8289642,-18.26469421,48.649189,25.20727539,-26,-69
13/05/2014 08:09:00.101750000,73,-231.4300842,-18.66174507,49.04795456,25.20727539,-26,-69
13/05/2014 08:09:10.101750000,74,-231.6304626,-18.66174507,48.649189,25.20727539,-26,-69
13/05/2014 08:09:20.101750000,75,-231.0293427,-18.46321869,49.04795456,25.20727539,-26,-69
13/05/2014 08:09:30.101750000,76,-232.0312042,-18.66174507,48.25042343,25.20727539,-26,-69
13/05/2014 08:09:40.101750000,77,-231.4300842,-18.46321869,48.649189,25.20727539,-26,-69
13/05/2014 08:09:50.101750000,78,-231.0293427,-18.66174507,48.05104065,25.20727539,-26,-69
13/05/2014 08:10:00.101750000,79,-230.8289642,-18.86026955,49.24733734,25.20727539,-26,-69
13/05/2014 08:10:10.101750000,80,-231.8308411,-18.86026955,48.649189,25.20727539,-27,-69
13/05/2014 08:10:20.101750000,81,-231.6304626,-18.86026955,48.649189,25.20727539,-26,-69
13/05/2014 08:10:30.101750000,82,-232.2315826,-18.86026955,49.04795456,25.20727539,-26,-69
13/05/2014 08:10:40.101750000,83,-232.2315826,-18.26469421,49.04795456,25.20727539,-26,-69
13/05/2014 08:10:50.101750000,84,-232.0312042,-18.66174507,48.649189,25.20727539,-26,-69
13/05/2014 08:11:00.101750000,85,-231.6304626,-19.65436935,48.649189,25.20727539,-26,-69
13/05/2014 08:11:10.101750000,86,-231.8308411,-18.46321869,48.649189,25.20727539,-26,-69
13/05/2014 08:11:20.101750000,87,-231.8308411,-18.66174507,48.05104065,25.20727539,-26,-69
13/05/2014 08:11:30.101750000,88,-231.8308411,-18.86026955,48.44980621,25.20727539,-26,-69
13/05/2014 08:11:40.101750000,89,-231.0293427,-18.86026955,48.25042343,25.20727539,-26,-69
13/05/2014 08:11:50.101750000,90,-231.2297211,-18.66174507,48.649189,25.20727539,-26,-69
13/05/2014 08:12:00.101750000,91,-231.0293427,-18.46321869,47.85165787,25.20727539,-26,-69
13/05/2014 08:12:10.101750000,92,-231.6304626,-18.86026955,48.25042343,25.20727539,-26,-69
13/05/2014 08:12:20.101750000,93,-231.2297211,-18.46321869,48.649189,25.20727539,-26,-69
13/05/2014 08:12:30.101750000,94,-231.6304626,-19.2573204,48.84857178,25.20727539,-26,-69
13/05/2014 08:12:40.101750000,95,-231.4300842,-18.26469421,49.04795456,25.20727539,-26,-69
13/05/2014 08:12:50.101750000,96,-231.0293427,-18.26469421,48.05104065,25.20727539,-26,-69
13/05/2014 08:13:00.101750000,97,-231.0293427,-18.26469421,48.84857178,25.20727539,-26,-69
13/05/2014 08:13:10.101750000,98,-231.6304626,-18.06616974,49.44672012,25.20727539,-26,-69
13/05/2014 08:13:20.101750000,99,-231.6304626,-18.86026955,48.84857178,25.20727539,-26,-69
13/05/2014 08:13:30.101750000,100,-231.0293427,-18.86026955,48.25042343,25.20727539,-26,-69
13/05/2014 08:13:40.101750000,101,-230.8289642,-18.46321869,48.649189,25.20727539,-26,-69
13/05/2014 08:13:50.101750000,102,-231.8308411,-18.26469421,48.649189,25.20727539,-26,-69
13/05/2014 08:14:00.101750000,103,-230.8289642,-18.66174507,49.04795456,25.20727539,-26,-69
13/05/2014 08:14:10.101750000,104,-230.6286011,-17.86764526,48.649189,25.20727539,-26,-69
13/05/2014 08:14:20.101750000,105,-231.6304626,-19.05879402,48.649189,25.20727539,-26,-69
13/05/2014 08:14:30.101750000,106,-231.2297211,-18.66174507,48.649189,25.20727539,-26,-69
13/05/2014 08:14:40.101750000,107,-231.0293427,-18.06616974,48.84857178,25.20727539,-26,-69
13/05/2014 08:14:50.101750000,108,-232.0312042,-18.26469421,48.649189,25.20727539,-26,-69
13/05/2014 08:15:00.101750000,109,-231.0293427,-19.05879402,48.44980621,25.20727539,-26,-69
13/05/2014 08:15:10.101750000,110,-230.8289642,-18.46321869,48.25042343,25.20727539,-26,-69
13/05/2014 08:15:20.101750000,111,-231.4300842,-19.05879402,48.649189,25.20727539,-26,-69
13/05/2014 08:15:30.101750000,112,-231.0293427,-19.2573204,48.649189,25.20727539,-26,-69
13/05/2014 08:15:40.101750000,113,-231.4300842,-19.05879402,48.649189,25.20727539,-26,-69
13/05/2014 08:15:50.101750000,114,-231.4300842,-18.46321869,48.05104065,25.20727539,-26,-69
13/05/2014 08:16:00.101750000,115,-231.4300842,-19.05879402,48.649189,25.20727539,-26,-69
13/05/2014 08:16:10.101750000,116,-231.4300842,-19.2573204,48.05104065,25.20727539,-26,-69
13/05/2014 08:16:20.101750000,117,-231.8308411,-18.46321869,49.44672012,25.20727539,-26,-69
13/05/2014 08:16:30.101750000,118,-231.4300842,-18.26469421,48.84857178,25.20727539,-26,-69
13/05/2014 08:16:40.101750000,119,-231.2297211,-18.86026955,48.44980621,25.20727539,-26,-69
13/05/2014 08:16:50.101750000,120,-230.4282227,-19.2573204,49.24733734,25.20727539,-26,-69
13/05/2014 08:17:00.101750000,121,-231.8308411,-18.66174507,48.44980621,25.20727539,-26,-69
13/05/2014 08:17:10.101750000,122,-231.0293427,-18.86026955,48.44980621,25.20727539,-26,-69
13/05/2014 08:17:20.101750000,123,-230.6286011,-18.26469421,48.649189,25.20727539,-26,-69
13/05/2014 08:17:30.101750000,124,-232.0312042,-18.26469421,48.05104065,25.20727539,-26,-69
13/05/2014 08:17:40.101750000,125,-231.8308411,-18.46321869,48.44980621,25.20727539,-26,-69
13/05/2014 08:17:50.101750000,126,-231.0293427,-18.46321869,49.64610291,25.20727539,-26,-69
13/05/2014 08:18:00.101750000,127,-231.0293427,-18.86026955,48.44980621,25.20727539,-26,-69
13/05/2014 08:18:10.101750000,128,-230.8289642,-18.46321869,48.25042343,25.20727539,-26,-69
13/05/2014 08:18:20.101750000,129,-231.0293427,-18.46321869,48.649189,25.20727539,-26,-69
13/05/2014 08:18:30.101750000,130,-231.4300842,-18.46321869,48.44980621,25.20727539,-26,-69
13/05/2014 08:18:40.101750000,131,-231.2297211,-18.06616974,48.649189,25.20727539,-26,-69
13/05/2014 08:18:50.101750000,132,-232.2315826,-18.86026955,48.649189,25.20727539,-26,-69
13/05/2014 08:19:00.101750000,133,-231.0293427,-19.2573204,48.05104065,25.20727539,-26,-69
13/05/2014 08:19:10.101750000,134,-230.4282227,-18.26469421,48.05104065,25.20727539,-26,-69
13/05/2014 08:19:20.101750000,135,-230.4282227,-18.86026955,48.649189,25.20727539,-26,-69
13/05/2014 08:19:30.101750000,136,-230.8289642,-19.05879402,48.44980621,25.20727539,-26,-69
13/05/2014 08:19:40.101750000,137,-231.8308411,-19.2573204,48.05104065,25.20727539,-26,-69
13/05/2014 08:19:50.101750000,138,-231.0293427,-18.66174507,48.649189,25.20727539,-26,-69
13/05/2014 08:20:00.101750000,139,-230.6286011,-18.86026955,48.84857178,25.20727539,-26,-69
13/05/2014 08:20:10.101750000,140,-231.0293427,-18.26469421,49.24733734,25.20727539,-26,-69
13/05/2014 08:20:20.101750000,141,-231.2297211,-18.46321869,47.65227509,25.20727539,-26,-69
13/05/2014 08:20:30.101750000,142,-230.6286011,-18.46321869,48.649189,25.20727539,-26,-69
13/05/2014 08:20:40.101750000,143,-231.2297211,-18.86026955,47.4528923,25.20727539,-26,-69
13/05/2014 08:20:50.101750000,144,-231.0293427,-18.66174507,47.65227509,25.20727539,-26,-69
13/05/2014 08:21:00.101750000,145,-231.2297211,-19.45584488,47.65227509,25.20727539,-26,-69
13/05/2014 08:21:10.101750000,146,-231.2297211,-19.2573204,48.25042343,25.20727539,-26,-69
13/05/2014 08:21:20.101750000,147,-231.8308411,-19.85289383,48.84857178,25.20727539,-26,-69
13/05/2014 08:21:30.101750000,148,-230.4282227,-19.05879402,48.25042343,25.20727539,-26,-69
13/05/2014 08:21:40.101750000,149,-231.2297211,-18.86026955,48.84857178,25.20727539,-26,-69
13/05/2014 08:21:50.101750000,150,-231.2297211,-18.86026955,48.44980621,25.20727539,-26,-69
13/05/2014 08:22:00.101750000,151,-231.2297211,-18.66174507,48.84857178,25.20727539,-26,-69
13/05/2014 08:22:10.101750000,152,-230.4282227,-18.66174507,48.84857178,25.20727539,-28,-69
13/05/2014 08:22:20.101750000,153,-231.6304626,-18.66174507,48.44980621,25.20727539,-26,-69
13/05/2014 08:22:30.101750000,154,-230.8289642,-19.2573204,48.44980621,25.20727539,-26,-69
13/05/2014 08:22:40.101750000,155,-231.0293427,-18.86026955,48.44980621,25.20727539,-26,-69
13/05/2014 08:22:50.101750000,156,-231.4300842,-18.66174507,48.649189,25.20727539,-26,-69
13/05/2014 08:23:00.101750000,157,-230.6286011,-18.46321869,48.649189,25.20727539,-26,-69
13/05/2014 08:23:10.101750000,158,-229.4263611,-18.66174507,48.649189,25.20727539,-26,-69
13/05/2014 08:23:20.101750000,159,-231.4300842,-19.2573204,48.44980621,25.20727539,-26,-69
13/05/2014 08:23:30.101750000,160,-231.0293427,-18.26469421,49.04795456,25.20727539,-26,-69
13/05/2014 08:23:40.101750000,161,-230.4282227,-18.26469421,48.44980621,25.20727539,-26,-69
13/05/2014 08:23:50.101750000,162,-231.4300842,-18.66174507,48.649189,25.20727539,-26,-69
13/05/2014 08:24:00.101750000,163,-231.6304626,-18.86026955,48.649189,25.20727539,-26,-69
13/05/2014 08:24:10.101750000,164,-231.8308411,-18.66174507,49.24733734,25.20727539,-26,-69
13/05/2014 08:24:20.101750000,165,-231.6304626,-19.05879402,49.44672012,25.20727539,-26,-69
13/05/2014 08:24:30.101750000,166,-231.0293427,-18.66174507,48.44980621,25.20727539,-26,-69
13/05/2014 08:24:40.101750000,167,-231.4300842,-19.05879402,48.25042343,25.20727539,-26,-69
13/05/2014 08:24:50.101750000,168,-231.0293427,-17.86764526,48.84857178,25.20727539,-26,-69
13/05/2014 08:25:00.101750000,169,-230.8289642,-18.46321869,49.04795456,25.20727539,-26,-69
13/05/2014 08:25:10.101750000,170,-231.2297211,-18.86026955,48.05104065,25.20727539,-26,-69
13/05/2014 08:25:20.101750000,171,-231.4300842,-18.26469421,48.649189,25.20727539,-26,-69
13/05/2014 08:25:30.101750000,172,-231.0293427,-18.46321869,49.04795456,25.20727539,-26,-69
13/05/2014 08:25:40.101750000,173,-230.6286011,-18.46321869,49.04795456,25.20727539,-26,-69
13/05/2014 08:25:50.101750000,174,-231.4300842,-18.46321869,48.649189,25.20727539,-26,-69
13/05/2014 08:26:00.101750000,175,-232.0312042,-18.26469421,48.649189,25.20727539,-26,-69
13/05/2014 08:26:10.101750000,176,-231.2297211,-18.66174507,49.64610291,25.20727539,-26,-69
13/05/2014 08:26:20.101750000,177,-231.4300842,-19.05879402,48.05104065,25.20727539,-26,-69
13/05/2014 08:26:30.101750000,178,-231.2297211,-18.86026955,49.04795456,25.20727539,-26,-69
13/05/2014 08:26:40.101750000,179,-230.8289642,-17.86764526,48.84857178,25.20727539,-26,-69
13/05/2014 08:26:50.101750000,180,-232.0312042,-17.66911888,49.04795456,25.20727539,-26,-69
13/05/2014 08:27:00.101750000,181,-231.2297211,-18.06616974,48.649189,25.20727539,-26,-69
13/05/2014 08:27:10.101750000,182,-231.4300842,-18.06616974,48.649189,25.20727539,-26,-69
13/05/2014 08:27:20.101750000,183,-230.6286011,-18.06616974,48.44980621,25.20727539,-26,-69
13/05/2014 08:27:30.101750000,184,-231.0293427,-18.46321869,48.649189,25.20727539,-26,-69
13/05/2014 08:27:40.101750000,185,-231.6304626,-18.86026955,48.44980621,25.20727539,-26,-69
13/05/2014 08:27:50.101750000,186,-231.2297211,-18.66174507,48.25042343,25.20727539,-26,-69
13/05/2014 08:28:00.101750000,187,-231.8308411,-18.06616974,48.25042343,25.20727539,-26,-69
13/05/2014 08:28:10.101750000,188,-231.0293427,-19.2573204,48.649189,25.20727539,-26,-69
13/05/2014 08:28:20.101750000,189,-231.2297211,-18.66174507,48.84857178,25.20727539,-26,-69
13/05/2014 08:28:30.101750000,190,-231.8308411,-18.06616974,48.44980621,25.20727539,-26,-69
13/05/2014 08:28:40.101750000,191,-231.4300842,-18.66174507,49.24733734,25.20727539,-26,-69
13/05/2014 08:28:50.101750000,192,-230.8289642,-18.66174507,48.84857178,25.20727539,-26,-69
13/05/2014 08:29:00.101750000,193,-231.0293427,-18.86026955,48.44980621,25.20727539,-26,-69
13/05/2014 08:29:10.101750000,194,-231.8308411,-18.26469421,48.649189,25.20727539,-26,-69
13/05/2014 08:29:20.101750000,195,-231.6304626,-18.86026955,48.25042343,25.20727539,-26,-69
13/05/2014 08:29:30.101750000,196,-231.4300842,-18.46321869,48.84857178,25.20727539,-26,-69
13/05/2014 08:29:40.101750000,197,-232.0312042,-18.06616974,47.85165787,25.20727539,-26,-69
13/05/2014 08:29:50.101750000,198,-231.0293427,-18.66174507,48.84857178,25.20727539,-26,-69
13/05/2014 08:30:00.101750000,199,-231.0293427,-18.26469421,48.649189,25.20727539,-26,-69
13/05/2014 08:30:10.101750000,200,-231.2297211,-18.46321869,49.04795456,25.20727539,-26,-69
13/05/2014 08:30:20.101750000,201,-231.0293427,-18.66174507,48.649189,25.20727539,-26,-69
13/05/2014 08:30:30.101750000,202,-231.0293427,-18.06616974,48.649189,25.20727539,-26,-69
13/05/2014 08:30:40.101750000,203,-230.4282227,-18.86026955,48.649189,25.20727539,-26,-69
13/05/2014 08:30:50.101750000,204,-230.6286011,-18.26469421,48.84857178,25.20727539,-26,-69
13/05/2014 08:31:00.101750000,205,-231.8308411,-18.26469421,48.84857178,25.20727539,-26,-69
13/05/2014 08:31:10.101750000,206,-231.6304626,-17.66911888,47.85165787,25.20727539,-26,-69
13/05/2014 08:31:20.101750000,207,-231.6304626,-17.66911888,48.84857178,25.20727539,-26,-69
13/05/2014 08:31:30.101750000,208,-231.4300842,-18.86026955,47.85165787,25.20727539,-26,-69
13/05/2014 08:31:40.101750000,209,-230.8289642,-18.66174507,48.05104065,25.20727539,-26,-69
13/05/2014 08:31:50.101750000,210,-231.2297211,-18.46321869,48.44980621,25.20727539,-26,-69
13/05/2014 08:32:00.101750000,211,-231.0293427,-18.86026955,48.649189,25.20727539,-26,-69
13/05/2014 08:32:10.101750000,212,-230.6286011,-18.66174507,48.44980621,25.20727539,-26,-69
13/05/2014 08:32:20.101750000,213,-230.8289642,-18.26469421,48.05104065,25.20727539,-26,-69
13/05/2014 08:32:30.101750000,214,-230.4282227,-18.66174507,48.05104065,25.20727539,-26,-69
13/05/2014 08:32:40.101750000,215,-231.0293427,-18.46321869,48.84857178,25.20727539,-26,-69
13/05/2014 08:32:50.101750000,216,-230.6286011,-18.26469421,48.44980621,25.20727539,-26,-69
13/05/2014 08:33:00.101750000,217,-231.0293427,-18.26469421,48.05104065,25.20727539,-26,-69
13/05/2014 08:33:10.101750000,218,-230.8289642,-18.46321869,48.44980621,25.20727539,-26,-69
13/05/2014 08:33:20.101750000,219,-230.8289642,-18.46321869,48.649189,25.20727539,-27,-69
13/05/2014 08:33:30.101750000,220,-230.6286011,-17.66911888,48.84857178,25.32446289,-26,-69
13/05/2014 08:33:40.101750000,221,-231.0293427,-18.46321869,48.25042343,25.20727539,-26,-69
13/05/2014 08:33:50.101750000,222,-230.2278442,-18.66174507,48.84857178,25.32446289,-26,-69
13/05/2014 08:34:00.101750000,223,-231.0293427,-19.05879402,48.649189,25.20727539,-26,-69
13/05/2014 08:34:10.101750000,224,-231.2297211,-18.26469421,48.649189,25.32446289,-26,-69
13/05/2014 08:34:20.101750000,225,-231.4300842,-18.06616974,48.05104065,25.20727539,-26,-69
13/05/2014 08:34:30.101750000,226,-231.4300842,-18.26469421,47.85165787,25.20727539,-26,-69
13/05/2014 08:34:40.101750000,227,-229.6267242,-18.26469421,48.05104065,25.32446289,-26,-69
13/05/2014 08:34:50.101750000,228,-230.4282227,-18.46321869,48.44980621,25.32446289,-26,-69
13/05/2014 08:35:00.101750000,229,-231.0293427,-18.66174507,48.25042343,25.32446289,-26,-69
13/05/2014 08:35:10.101750000,230,-231.0293427,-18.46321869,47.85165787,25.32446289,-26,-69
13/05/2014 08:35:20.101750000,231,-231.0293427,-18.86026955,48.44980621,25.32446289,-26,-69
13/05/2014 08:35:30.101750000,232,-231.4300842,-18.26469421,48.649189,25.20727539,-26,-69
13/05/2014 08:35:40.101750000,233,-231.6304626,-19.05879402,48.05104065,25.20727539,-26,-69
13/05/2014 08:35:50.101750000,234,-231.0293427,-18.66174507,48.44980621,25.20727539,-26,-69
13/05/2014 08:36:00.101750000,235,-231.6304626,-18.86026955,47.85165787,25.32446289,-26,-69
13/05/2014 08:36:10.101750000,236,-231.2297211,-17.27206993,48.25042343,25.32446289,-26,-69
13/05/2014 08:36:20.101750000,237,-230.8289642,-18.46321869,48.25042343,25.20727539,-26,-69
13/05/2014 08:36:30.101750000,238,-230.8289642,-18.26469421,47.65227509,25.32446289,-26,-69
13/05/2014 08:36:40.101750000,239,-230.4282227,-17.86764526,48.25042343,25.32446289,-26,-69
13/05/2014 08:36:50.101750000,240,-231.4300842,-19.05879402,48.25042343,25.32446289,-26,-69
13/05/2014 08:37:00.101750000,241,-231.2297211,-19.05879402,48.649189,25.32446289,-26,-69
13/05/2014 08:37:10.101750000,242,-231.4300842,-18.86026955,49.04795456,25.32446289,-26,-69
13/05/2014 08:37:20.101750000,243,-230.8289642,-18.26469421,48.84857178,25.32446289,-26,-69
13/05/2014 08:37:30.101750000,244,-231.6304626,-19.2573204,48.44980621,25.32446289,-26,-69
13/05/2014 08:37:40.101750000,245,-231.0293427,-18.66174507,47.85165787,25.32446289,-26,-69
13/05/2014 08:37:50.101750000,246,-231.4300842,-18.86026955,48.25042343,25.32446289,-26,-69
13/05/2014 08:38:00.101750000,247,-231.0293427,-18.06616974,48.25042343,25.32446289,-26,-69
13/05/2014 08:38:10.101750000,248,-230.6286011,-18.26469421,48.25042343,25.32446289,-26,-69
13/05/2014 08:38:20.101750000,249,-230.8289642,-18.26469421,48.25042343,25.32446289,-26,-69
13/05/2014 08:38:30.101750000,250,-231.4300842,-18.66174507,48.44980621,25.32446289,-26,-69
13/05/2014 08:38:40.101750000,251,-231.2297211,-18.46321869,48.44980621,25.32446289,-26,-69
13/05/2014 08:38:50.101750000,252,-231.6304626,-18.86026955,48.25042343,25.32446289,-26,-69
13/05/2014 08:39:00.101750000,253,-230.2278442,-18.26469421,48.44980621,25.32446289,-26,-69
13/05/2014 08:39:10.101750000,254,-231.2297211,-18.26469421,47.85165787,25.32446289,-26,-69
13/05/2014 08:39:20.101750000,255,-231.0293427,-18.86026955,48.44980621,25.32446289,-26,-69
13/05/2014 08:39:30.101750000,256,-230.6286011,-18.66174507,48.84857178,25.32446289,-26,-69
13/05/2014 08:39:40.101750000,257,-231.0293427,-18.26469421,48.25042343,25.32446289,-26,-69
13/05/2014 08:39:50.101750000,258,-230.8289642,-18.66174507,48.25042343,25.32446289,-26,-69
13/05/2014 08:40:00.101750000,259,-231.2297211,-19.2573204,48.25042343,25.32446289,-26,-69
13/05/2014 08:40:10.101750000,260,-231.2297211,-18.26469421,48.25042343,25.32446289,-26,-69
13/05/2014 08:40:20.101750000,261,-230.6286011,-18.86026955,48.44980621,25.32446289,-26,-69
13/05/2014 08:40:30.101750000,262,-231.0293427,-18.26469421,47.85165787,25.32446289,-26,-69
13/05/2014 08:40:40.101750000,263,-231.8308411,-18.86026955,48.44980621,25.32446289,-26,-69
13/05/2014 08:40:50.101750000,264,-231.0293427,-18.46321869,48.05104065,25.32446289,-26,-69
13/05/2014 08:41:00.101750000,265,-230.8289642,-18.86026955,48.25042343,25.32446289,-26,-69
13/05/2014 08:41:10.101750000,266,-231.4300842,-18.86026955,48.05104065,25.32446289,-27,-69
13/05/2014 08:41:20.101750000,267,-230.8289642,-18.26469421,48.649189,25.32446289,-26,-69
13/05/2014 08:41:30.101750000,268,-231.0293427,-18.86026955,48.44980621,25.32446289,-26,-69
13/05/2014 08:41:40.101750000,269,-230.8289642,-19.05879402,48.25042343,25.32446289,-26,-69
13/05/2014 08:41:50.101750000,270,-231.6304626,-19.2573204,48.649189,25.32446289,-26,-69
13/05/2014 08:42:00.101750000,271,-230.2278442,-18.46321869,48.649189,25.32446289,-26,-69
13/05/2014 08:42:10.101750000,272,-231.0293427,-19.05879402,48.84857178,25.32446289,-26,-69
13/05/2014 08:42:20.101750000,273,-231.6304626,-19.05879402,47.85165787,25.32446289,-26,-69
13/05/2014 08:42:30.101750000,274,-231.0293427,-18.66174507,48.25042343,25.32446289,-26,-69
13/05/2014 08:42:40.101750000,275,-231.4300842,-18.66174507,48.44980621,25.32446289,-26,-69
13/05/2014 08:42:50.101750000,276,-230.6286011,-18.86026955,48.05104065,25.32446289,-26,-69
13/05/2014 08:43:00.101750000,277,-231.4300842,-18.86026955,47.85165787,25.32446289,-26,-69
13/05/2014 08:43:10.101750000,278,-231.0293427,-18.66174507,48.649189,25.32446289,-26,-69
13/05/2014 08:43:20.101750000,279,-230.6286011,-19.45584488,48.649189,25.32446289,-26,-69
13/05/2014 08:43:30.101750000,280,-231.2297211,-18.86026955,48.25042343,25.32446289,-26,-69
13/05/2014 08:43:40.101750000,281,-231.2297211,-19.05879402,48.05104065,25.32446289,-26,-69
13/05/2014 08:43:50.101750000,282,-231.0293427,-19.05879402,48.649189,25.32446289,-26,-69
13/05/2014 08:44:00.101750000,283,-231.2297211,-19.2573204,48.05104065,25.32446289,-26,-69
13/05/2014 08:44:10.101750000,284,-231.4300842,-19.45584488,48.649189,25.32446289,-26,-69
13/05/2014 08:44:20.101750000,285,-231.0293427,-18.86026955,48.05104065,25.32446289,-26,-69
13/05/2014 08:44:30.101750000,286,-231.2297211,-18.86026955,48.05104065,25.32446289,-26,-69
13/05/2014 08:44:40.101750000,287,-231.8308411,-18.86026955,48.649189,25.32446289,-26,-69
13/05/2014 08:44:50.101750000,288,-231.0293427,-18.26469421,48.25042343,25.32446289,-26,-69
13/05/2014 08:45:00.101750000,289,-230.6286011,-18.46321869,48.649189,25.32446289,-26,-69
13/05/2014 08:45:10.101750000,290,-231.6304626,-18.86026955,48.44980621,25.32446289,-26,-69
13/05/2014 08:45:20.101750000,291,-231.6304626,-19.05879402,48.25042343,25.32446289,-26,-69
13/05/2014 08:45:30.101750000,292,-231.2297211,-18.86026955,49.04795456,25.32446289,-26,-69
13/05/2014 08:45:40.101750000,293,-231.0293427,-17.86764526,48.649189,25.32446289,-26,-69
13/05/2014 08:45:50.101750000,294,-230.8289642,-19.05879402,48.25042343,25.32446289,-26,-69
13/05/2014 08:46:00.101750000,295,-231.0293427,-19.65436935,48.25042343,25.32446289,-26,-69
13/05/2014 08:46:10.101750000,296,-231.8308411,-19.05879402,47.65227509,25.32446289,-26,-69
13/05/2014 08:46:20.101750000,297,-231.0293427,-18.46321869,47.4528923,25.32446289,-26,-69
13/05/2014 08:46:30.101750000,298,-231.4300842,-19.65436935,48.44980621,25.32446289,-26,-69
13/05/2014 08:46:40.101750000,299,-231.4300842,-19.05879402,47.65227509,25.32446289,-26,-69
13/05/2014 08:46:50.101750000,300,-230.8289642,-18.66174507,47.85165787,25.32446289,-26,-69
13/05/2014 08:47:00.101750000,301,-231.2297211,-19.05879402,48.44980621,25.32446289,-26,-69
13/05/2014 08:47:10.101750000,302,-231.2297211,-18.86026955,48.44980621,25.32446289,-26,-69
13/05/2014 08:47:20.101750000,303,-230.6286011,-18.46321869,48.05104065,25.32446289,-26,-69
13/05/2014 08:47:30.101750000,304,-231.4300842,-19.05879402,47.85165787,25.32446289,-26,-69
13/05/2014 08:47:40.101750000,305,-231.4300842,-18.86026955,47.85165787,25.32446289,-26,-69
13/05/2014 08:47:50.101750000,306,-231.0293427,-19.45584488,48.44980621,25.32446289,-26,-69
13/05/2014 08:48:00.101750000,307,-231.0293427,-18.26469421,48.25042343,25.32446289,-26,-69
13/05/2014 08:48:10.101750000,308,-231.2297211,-18.66174507,48.05104065,25.32446289,-26,-69
13/05/2014 08:48:20.101750000,309,-230.8289642,-18.46321869,48.05104065,25.32446289,-26,-69
13/05/2014 08:48:30.101750000,310,-231.4300842,-19.05879402,48.05104065,25.32446289,-26,-69
13/05/2014 08:48:40.101750000,311,-231.0293427,-18.26469421,48.05104065,25.32446289,-26,-69
13/05/2014 08:48:50.101750000,312,-231.2297211,-19.65436935,48.05104065,25.32446289,-26,-69
13/05/2014 08:49:00.101750000,313,-231.0293427,-18.66174507,48.25042343,25.44165039,-26,-69
13/05/2014 08:49:10.101750000,314,-231.4300842,-18.46321869,48.05104065,25.32446289,-26,-69
13/05/2014 08:49:20.101750000,315,-231.0293427,-18.46321869,48.25042343,25.32446289,-26,-69
13/05/2014 08:49:30.101750000,316,-230.2278442,-19.45584488,48.05104065,25.32446289,-26,-69
13/05/2014 08:49:40.101750000,317,-231.4300842,-18.86026955,48.649189,25.44165039,-26,-69
13/05/2014 08:49:50.101750000,318,-230.6286011,-18.66174507,47.65227509,25.32446289,-26,-69
13/05/2014 08:50:00.101750000,319,-230.6286011,-18.46321869,48.44980621,25.32446289,-26,-69
13/05/2014 08:50:10.101750000,320,-231.0293427,-18.86026955,47.4528923,25.32446289,-26,-69
13/05/2014 08:50:20.101750000,321,-230.8289642,-18.66174507,49.04795456,25.32446289,-26,-69
13/05/2014 08:50:30.101750000,322,-231.0293427,-19.45584488,48.05104065,25.44165039,-26,-69
13/05/2014 08:50:40.101750000,323,-231.4300842,-18.46321869,48.05104065,25.44165039,-26,-69
13/05/2014 08:50:50.101750000,324,-230.6286011,-19.2573204,48.05104065,25.32446289,-26,-69
13/05/2014 08:51:00.101750000,325,-230.8289642,-18.86026955,48.25042343,25.32446289,-26,-69
13/05/2014 08:51:10.101750000,326,-230.8289642,-18.46321869,48.25042343,25.44165039,-26,-69
13/05/2014 08:51:20.101750000,327,-230.8289642,-19.05879402,47.85165787,25.44165039,-26,-69
13/05/2014 08:51:30.101750000,328,-231.4300842,-18.66174507,48.05104065,25.44165039,-26,-69
13/05/2014 08:51:40.101750000,329,-230.6286011,-19.45584488,47.65227509,25.44165039,-26,-69
13/05/2014 08:51:50.101750000,330,-231.8308411,-19.2573204,47.85165787,25.44165039,-26,-69
13/05/2014 08:52:00.101750000,331,-231.0293427,-19.2573204,47.85165787,25.44165039,-26,-69
13/05/2014 08:52:10.101750000,332,-231.6304626,-19.2573204,48.05104065,25.44165039,-26,-69
13/05/2014 08:52:20.101750000,333,-231.2297211,-19.65436935,48.44980621,25.44165039,-26,-69
13/05/2014 08:52:30.101750000,334,-231.2297211,-19.2573204,48.05104065,25.44165039,-26,-69
13/05/2014 08:52:40.101750000,335,-232.0312042,-19.2573204,48.05104065,25.44165039,-26,-69
13/05/2014 08:52:50.101750000,336,-231.6304626,-18.86026955,48.44980621,25.44165039,-26,-69
13/05/2014 08:53:00.101750000,337,-231.8308411,-18.86026955,48.25042343,25.44165039,-26,-69
13/05/2014 08:53:10.101750000,338,-231.6304626,-19.05879402,48.44980621,25.44165039,-26,-69
13/05/2014 08:53:20.101750000,339,-231.4300842,-18.66174507,48.44980621,25.44165039,-26,-69
13/05/2014 08:53:30.101750000,340,-231.8308411,-18.06616974,48.05104065,25.44165039,-26,-69
13/05/2014 08:53:40.101750000,341,-231.4300842,-18.86026955,48.25042343,25.44165039,-26,-69
13/05/2014 08:53:50.101750000,342,-232.4319611,-18.46321869,48.44980621,25.44165039,-26,-69
13/05/2014 08:54:00.101750000,343,-231.4300842,-18.46321869,48.25042343,25.44165039,-26,-69
13/05/2014 08:54:10.101750000,344,-231.2297211,-19.2573204,48.05104065,25.44165039,-26,-69
13/05/2014 08:54:20.101750000,345,-231.6304626,-19.45584488,48.44980621,25.44165039,-26,-69
13/05/2014 08:54:30.101750000,346,-231.2297211,-19.05879402,48.44980621,25.44165039,-26,-69
13/05/2014 08:54:40.101750000,347,-231.2297211,-18.86026955,47.4528923,25.44165039,-26,-69
13/05/2014 08:54:50.101750000,348,-230.8289642,-18.46321869,48.44980621,25.32446289,-26,-69
13/05/2014 08:55:00.101750000,349,-231.2297211,-19.05879402,48.25042343,25.44165039,-26,-69
13/05/2014 08:55:10.101750000,350,-230.8289642,-18.46321869,47.4528923,25.44165039,-26,-69
13/05/2014 08:55:20.101750000,351,-230.8289642,-19.05879402,48.05104065,25.44165039,-26,-69
13/05/2014 08:55:30.101750000,352,-231.0293427,-19.85289383,48.649189,25.44165039,-26,-69
13/05/2014 08:55:40.101750000,353,-231.8308411,-18.26469421,47.4528923,25.44165039,-26,-69
13/05/2014 08:55:50.101750000,354,-231.6304626,-19.05879402,48.05104065,25.44165039,-26,-69
13/05/2014 08:56:00.101750000,355,-230.8289642,-18.66174507,48.44980621,25.44165039,-26,-69
13/05/2014 08:56:10.101750000,356,-231.6304626,-17.86764526,47.25350571,25.44165039,-26,-69
13/05/2014 08:56:20.101750000,357,-231.6304626,-18.66174507,48.05104065,25.44165039,-26,-69
13/05/2014 08:56:30.101750000,358,-230.8289642,-19.05879402,48.25042343,25.44165039,-26,-69
13/05/2014 08:56:40.101750000,359,-231.2297211,-18.66174507,48.84857178,25.44165039,-26,-69
13/05/2014 08:56:50.101750000,360,-230.6286011,-19.2573204,47.05412292,25.44165039,-26,-69
13/05/2014 08:57:00.101750000,361,-231.4300842,-19.05879402,47.65227509,25.44165039,-26,-69
13/05/2014 08:57:10.101750000,362,-231.0293427,-18.86026955,48.44980621,25.44165039,-26,-69
13/05/2014 08:57:20.101750000,363,-230.8289642,-18.86026955,48.44980621,25.44165039,-26,-69
13/05/2014 08:57:30.101750000,364,-231.8308411,-19.05879402,47.25350571,25.44165039,-26,-69
13/05/2014 08:57:40.101750000,365,-232.0312042,-19.2573204,48.44980621,25.44165039,-26,-69
13/05/2014 08:57:50.101750000,366,-231.4300842,-18.86026955,48.25042343,25.44165039,-26,-69
13/05/2014 08:58:00.101750000,367,-230.6286011,-18.66174507,48.05104065,25.44165039,-26,-69
13/05/2014 08:58:10.101750000,368,-232.0312042,-18.46321869,48.05104065,25.44165039,-26,-69
13/05/2014 08:58:20.101750000,369,-231.4300842,-19.2573204,47.65227509,25.44165039,-26,-69
13/05/2014 08:58:30.101750000,370,-231.8308411,-18.86026955,48.05104065,25.44165039,-26,-69
13/05/2014 08:58:40.101750000,371,-231.0293427,-18.86026955,48.25042343,25.44165039,-26,-69
13/05/2014 08:58:50.101750000,372,-230.8289642,-19.05879402,48.05104065,25.44165039,-26,-69
13/05/2014 08:59:00.101750000,373,-231.6304626,-19.65436935,48.05104065,25.44165039,-26,-69
13/05/2014 08:59:10.101750000,374,-231.2297211,-18.46321869,47.65227509,25.44165039,-26,-69
13/05/2014 08:59:20.101750000,375,-231.8308411,-19.65436935,47.85165787,25.44165039,-26,-69
13/05/2014 08:59:30.101750000,376,-230.8289642,-18.86026955,47.85165787,25.44165039,-26,-69
13/05/2014 08:59:40.101750000,377,-231.0293427,-18.86026955,48.05104065,25.44165039,-26,-69
13/05/2014 08:59:50.101750000,378,-231.6304626,-18.46321869,48.05104065,25.44165039,-26,-69
13/05/2014 09:00:00.101750000,379,-231.6304626,-18.46321869,46.85474014,25.44165039,-26,-69
13/05/2014 09:00:10.101750000,380,-231.4300842,-19.05879402,48.05104065,25.44165039,-26,-69
13/05/2014 09:00:20.101750000,381,-231.0293427,-18.66174507,47.65227509,25.44165039,-26,-69
13/05/2014 09:00:30.101750000,382,-231.6304626,-18.26469421,48.05104065,25.44165039,-26,-69
13/05/2014 09:00:40.101750000,383,-232.0312042,-18.66174507,48.25042343,25.44165039,-26,-69
13/05/2014 09:00:50.101750000,384,-230.8289642,-18.66174507,48.649189,25.44165039,-26,-69
13/05/2014 09:01:00.101750000,385,-231.4300842,-18.66174507,48.05104065,25.44165039,-26,-69
13/05/2014 09:01:10.101750000,386,-230.8289642,-18.86026955,48.05104065,25.44165039,-26,-69
13/05/2014 09:01:20.101750000,387,-231.2297211,-18.66174507,47.85165787,25.44165039,-26,-69
13/05/2014 09:01:30.101750000,388,-231.4300842,-19.85289383,47.65227509,25.44165039,-26,-69
13/05/2014 09:01:40.101750000,389,-231.4300842,-18.86026955,48.05104065,25.44165039,-26,-69
13/05/2014 09:01:50.101750000,390,-231.0293427,-18.66174507,48.25042343,25.44165039,-26,-69
13/05/2014 09:02:00.101750000,391,-231.0293427,-18.86026955,48.05104065,25.44165039,-26,-69
13/05/2014 09:02:10.101750000,392,-232.0312042,-19.2573204,48.25042343,25.44165039,-26,-69
13/05/2014 09:02:20.101750000,393,-231.6304626,-19.05879402,47.85165787,25.44165039,-26,-69
13/05/2014 09:02:30.101750000,394,-230.8289642,-19.2573204,47.4528923,25.44165039,-26,-69
13/05/2014 09:02:40.101750000,395,-230.8289642,-18.26469421,49.04795456,25.44165039,-26,-69
13/05/2014 09:02:50.101750000,396,-231.4300842,-18.66174507,47.85165787,25.44165039,-26,-69
13/05/2014 09:03:00.101750000,397,-231.4300842,-18.66174507,48.25042343,25.44165039,-26,-69
13/05/2014 09:03:10.101750000,398,-232.0312042,-18.66174507,47.65227509,25.44165039,-26,-69
13/05/2014 09:03:20.101750000,399,-231.6304626,-18.46321869,47.25350571,25.44165039,-26,-69
13/05/2014 09:03:30.101750000,400,-231.0293427,-19.45584488,47.4528923,25.44165039,-26,-69
13/05/2014 09:03:40.101750000,401,-231.2297211,-18.66174507,48.44980621,25.44165039,-26,-69
13/05/2014 09:03:50.101750000,402,-231.6304626,-19.05879402,47.65227509,25.44165039,-26,-69
13/05/2014 09:04:00.101750000,403,-230.8289642,-18.66174507,48.25042343,25.44165039,-26,-69
13/05/2014 09:04:10.101750000,404,-231.2297211,-18.46321869,48.05104065,25.44165039,-26,-69
13/05/2014 09:04:20.101750000,405,-232.2315826,-18.66174507,48.05104065,25.44165039,-26,-69
13/05/2014 09:04:30.101750000,406,-231.6304626,-19.2573204,47.4528923,25.44165039,-26,-69
13/05/2014 09:04:40.101750000,407,-231.2297211,-19.45584488,48.44980621,25.44165039,-26,-69
13/05/2014 09:04:50.101750000,408,-231.4300842,-19.45584488,47.85165787,25.44165039,-26,-69
13/05/2014 09:05:00.101750000,409,-231.6304626,-18.86026955,47.85165787,25.44165039,-26,-69
13/05/2014 09:05:10.101750000,410,-231.6304626,-18.46321869,47.65227509,25.44165039,-26,-69
13/05/2014 09:05:20.101750000,411,-231.6304626,-19.05879402,48.05104065,25.44165039,-26,-69
13/05/2014 09:05:30.101750000,412,-231.8308411,-18.86026955,48.44980621,25.44165039,-26,-69
13/05/2014 09:05:40.101750000,413,-230.8289642,-18.46321869,48.44980621,25.44165039,-26,-69
13/05/2014 09:05:50.101750000,414,-232.0312042,-18.86026955,48.44980621,25.44165039,-26,-69
13/05/2014 09:06:00.101750000,415,-231.0293427,-19.05879402,48.05104065,25.44165039,-26,-69
13/05/2014 09:06:10.101750000,416,-231.4300842,-18.86026955,48.25042343,25.44165039,-26,-69
13/05/2014 09:06:20.101750000,417,-231.4300842,-19.05879402,48.649189,25.44165039,-26,-69
13/05/2014 09:06:30.101750000,418,-231.0293427,-18.66174507,48.25042343,25.44165039,-26,-69
13/05/2014 09:06:40.101750000,419,-231.8308411,-18.66174507,48.05104065,25.44165039,-26,-69
13/05/2014 09:06:50.101750000,420,-231.4300842,-18.66174507,47.65227509,25.44165039,-26,-69
13/05/2014 09:07:00.101750000,421,-231.6304626,-18.86026955,48.25042343,25.44165039,-26,-69
13/05/2014 09:07:10.101750000,422,-231.4300842,-18.86026955,48.84857178,25.44165039,-26,-69
13/05/2014 09:07:20.101750000,423,-232.0312042,-19.2573204,47.85165787,25.44165039,-26,-69
13/05/2014 09:07:30.101750000,424,-231.8308411,-19.05879402,47.25350571,25.44165039,-26,-69
13/05/2014 09:07:40.101750000,425,-231.6304626,-19.05879402,47.65227509,25.44165039,-26,-69
13/05/2014 09:07:50.101750000,426,-231.6304626,-19.05879402,47.65227509,25.44165039,-26,-69
13/05/2014 09:08:00.101750000,427,-231.8308411,-19.2573204,48.05104065,25.44165039,-26,-69
13/05/2014 09:08:10.101750000,428,-230.8289642,-19.2573204,48.44980621,25.44165039,-26,-69
13/05/2014 09:08:20.101750000,429,-231.6304626,-19.45584488,48.44980621,25.44165039,-26,-69
13/05/2014 09:08:30.101750000,430,-231.2297211,-19.2573204,47.65227509,25.44165039,-26,-69
13/05/2014 09:08:40.101750000,431,-231.0293427,-18.66174507,48.44980621,25.44165039,-26,-69
13/05/2014 09:08:50.101750000,432,-231.4300842,-18.66174507,48.05104065,25.44165039,-26,-69
13/05/2014 09:09:00.101750000,433,-232.0312042,-19.45584488,47.85165787,25.44165039,-26,-69
13/05/2014 09:09:10.101750000,434,-231.8308411,-19.45584488,47.25350571,25.44165039,-26,-69
13/05/2014 09:09:20.101750000,435,-231.4300842,-19.65436935,47.65227509,25.44165039,-26,-69
13/05/2014 09:09:30.101750000,436,-231.2297211,-18.86026955,48.05104065,25.44165039,-26,-69
13/05/2014 09:09:40.101750000,437,-231.4300842,-19.05879402,47.65227509,25.44165039,-26,-69
13/05/2014 09:09:50.101750000,438,-231.2297211,-18.46321869,47.85165787,25.44165039,-26,-69
13/05/2014 09:10:00.101750000,439,-232.0312042,-19.05879402,48.05104065,25.44165039,-26,-69
13/05/2014 09:10:10.101750000,440,-231.6304626,-19.65436935,47.85165787,25.44165039,-26,-69
13/05/2014 09:10:20.101750000,441,-231.4300842,-19.2573204,47.65227509,25.44165039,-27,-69
13/05/2014 09:10:30.101750000,442,-232.0312042,-19.05879402,47.4528923,25.44165039,-26,-69
13/05/2014 09:10:40.101750000,443,-231.2297211,-19.2573204,47.65227509,25.44165039,-26,-69
13/05/2014 09:10:50.101750000,444,-230.8289642,-19.05879402,47.25350571,25.44165039,-26,-69
13/05/2014 09:11:00.101750000,445,-231.6304626,-19.05879402,48.25042343,25.44165039,-26,-69
13/05/2014 09:11:10.101750000,446,-231.8308411,-18.06616974,48.25042343,25.44165039,-26,-69
13/05/2014 09:11:20.101750000,447,-231.6304626,-18.26469421,47.05412292,25.44165039,-26,-69
13/05/2014 09:11:30.101750000,448,-231.0293427,-19.2573204,47.85165787,25.44165039,-26,-69
13/05/2014 09:11:40.101750000,449,-232.0312042,-19.2573204,48.25042343,25.44165039,-26,-69
13/05/2014 09:11:50.101750000,450,-231.8308411,-19.2573204,47.85165787,25.44165039,-26,-69
13/05/2014 09:12:00.101750000,451,-231.2297211,-19.2573204,47.65227509,25.44165039,-26,-69
13/05/2014 09:12:10.101750000,452,-231.8308411,-19.45584488,47.4528923,25.44165039,-26,-69
13/05/2014 09:12:20.101750000,453,-232.0312042,-19.2573204,47.25350571,25.44165039,-26,-69
13/05/2014 09:12:30.101750000,454,-232.2315826,-18.86026955,48.84857178,25.44165039,-26,-69
13/05/2014 09:12:40.101750000,455,-231.8308411,-19.65436935,48.25042343,25.44165039,-28,-69
13/05/2014 09:12:50.101750000,456,-231.4300842,-18.66174507,48.05104065,25.44165039,-26,-69
13/05/2014 09:13:00.101750000,457,-231.8308411,-18.86026955,48.649189,25.44165039,-26,-69
13/05/2014 09:13:10.101750000,458,-231.4300842,-19.45584488,47.65227509,25.44165039,-26,-69
13/05/2014 09:13:20.101750000,459,-231.6304626,-18.86026955,47.65227509,25.44165039,-26,-69
13/05/2014 09:13:30.101750000,460,-231.0293427,-19.05879402,48.05104065,25.44165039,-26,-69
13/05/2014 09:13:40.101750000,461,-231.8308411,-18.86026955,46.45597458,25.44165039,-26,-69
13/05/2014 09:13:50.101750000,462,-231.6304626,-18.46321869,47.25350571,25.44165039,-26,-69
13/05/2014 09:14:00.101750000,463,-231.8308411,-19.2573204,48.05104065,25.44165039,-26,-69
13/05/2014 09:14:10.101750000,464,-231.2297211,-18.66174507,48.05104065,25.44165039,-26,-69
13/05/2014 09:14:20.101750000,465,-231.8308411,-18.46321869,47.4528923,25.44165039,-26,-69
13/05/2014 09:14:30.101750000,466,-231.8308411,-18.26469421,48.05104065,25.44165039,-26,-69
13/05/2014 09:14:40.101750000,467,-231.6304626,-19.45584488,48.05104065,25.44165039,-26,-69
13/05/2014 09:14:50.101750000,468,-232.4319611,-19.05879402,48.44980621,25.44165039,-26,-69
13/05/2014 09:15:00.101750000,469,-231.8308411,-19.2573204,48.44980621,25.44165039,-26,-69
13/05/2014 09:15:10.101750000,470,-231.0293427,-19.2573204,48.05104065,25.44165039,-26,-69
13/05/2014 09:15:20.101750000,471,-231.6304626,-19.2573204,47.05412292,25.44165039,-26,-69
13/05/2014 09:15:30.101750000,472,-231.8308411,-18.86026955,48.25042343,25.44165039,-26,-69
13/05/2014 09:15:40.101750000,473,-231.6304626,-18.46321869,47.85165787,25.44165039,-26,-69
13/05/2014 09:15:50.101750000,474,-232.0312042,-18.86026955,48.44980621,25.44165039,-26,-69
13/05/2014 09:16:00.101750000,475,-232.4319611,-18.66174507,48.649189,25.5588398,-26,-69
13/05/2014 09:16:10.101750000,476,-231.8308411,-18.46321869,47.85165787,25.5588398,-26,-69
13/05/2014 09:16:20.101750000,477,-231.0293427,-19.05879402,47.65227509,25.44165039,-26,-69
13/05/2014 09:16:30.101750000,478,-232.4319611,-18.26469421,47.65227509,25.5588398,-26,-69
13/05/2014 09:16:40.101750000,479,-232.4319611,-18.86026955,47.4528923,25.44165039,-26,-69
13/05/2014 09:16:50.101750000,480,-231.6304626,-18.86026955,48.05104065,25.44165039,-26,-69
13/05/2014 09:17:00.101750000,481,-231.6304626,-19.05879402,47.65227509,25.44165039,-26,-69
13/05/2014 09:17:10.101750000,482,-232.0312042,-18.66174507,48.649189,25.44165039,-26,-69
13/05/2014 09:17:20.101750000,483,-231.6304626,-19.2573204,47.85165787,25.5588398,-26,-69
13/05/2014 09:17:30.101750000,484,-232.0312042,-19.2573204,47.65227509,25.5588398,-26,-69
13/05/2014 09:17:40.101750000,485,-231.8308411,-19.45584488,47.4528923,25.5588398,-26,-69
13/05/2014 09:17:50.101750000,486,-231.6304626,-19.65436935,47.85165787,25.5588398,-26,-69
13/05/2014 09:18:00.101750000,487,-231.0293427,-18.26469421,47.65227509,25.44165039,-26,-69
13/05/2014 09:18:10.101750000,488,-231.4300842,-19.05879402,47.4528923,25.5588398,-26,-69
13/05/2014 09:18:20.101750000,489,-231.6304626,-19.45584488,47.85165787,25.5588398,-26,-69
13/05/2014 09:18:30.101750000,490,-232.0312042,-18.46321869,48.44980621,25.5588398,-28,-69
13/05/2014 09:18:40.101750000,491,-231.2297211,-18.86026955,47.65227509,25.5588398,-26,-69
13/05/2014 09:18:50.101750000,492,-231.6304626,-18.66174507,47.85165787,25.5588398,-26,-69
13/05/2014 09:19:00.101750000,493,-231.4300842,-18.86026955,48.84857178,25.5588398,-26,-69
13/05/2014 09:19:10.101750000,494,-231.4300842,-18.86026955,48.05104065,25.5588398,-26,-69
13/05/2014 09:19:20.101750000,495,-231.8308411,-19.65436935,48.05104065,25.5588398,-26,-69
13/05/2014 09:19:30.101750000,496,-231.8308411,-18.86026955,48.649189,25.5588398,-26,-69
13/05/2014 09:19:40.101750000,497,-231.4300842,-18.86026955,48.25042343,25.5588398,-26,-69
13/05/2014 09:19:50.101750000,498,-231.2297211,-19.45584488,48.25042343,25.5588398,-26,-69
13/05/2014 09:20:00.101750000,499,-232.0312042,-19.45584488,48.25042343,25.5588398,-26,-69
13/05/2014 09:20:10.101750000,500,-231.0293427,-18.46321869,47.65227509,25.5588398,-26,-69
13/05/2014 09:20:20.101750000,501,-230.8289642,-19.05879402,47.85165787,25.5588398,-26,-69
13/05/2014 09:20:30.101750000,502,-231.6304626,-19.2573204,47.85165787,25.5588398,-26,-69
13/05/2014 09:20:40.101750000,503,-231.8308411,-18.66174507,48.25042343,25.44165039,-26,-69
13/05/2014 09:20:50.101750000,504,-231.8308411,-18.46321869,47.85165787,25.5588398,-26,-69
13/05/2014 09:21:00.101750000,505,-231.4300842,-18.66174507,48.05104065,25.5588398,-26,-69
13/05/2014 09:21:10.101750000,506,-231.0293427,-18.86026955,47.65227509,25.5588398,-26,-69
13/05/2014 09:21:20.101750000,507,-231.6304626,-19.2573204,47.4528923,25.5588398,-26,-69
13/05/2014 09:21:30.101750000,508,-231.0293427,-18.66174507,48.05104065,25.5588398,-26,-69
13/05/2014 09:21:40.101750000,509,-231.6304626,-18.66174507,47.65227509,25.5588398,-26,-69
13/05/2014 09:21:50.101750000,510,-231.0293427,-19.45584488,48.05104065,25.44165039,-26,-69
13/05/2014 09:22:00.101750000,511,-231.2297211,-19.05879402,48.05104065,25.5588398,-26,-69
13/05/2014 09:22:10.101750000,512,-231.2297211,-19.45584488,47.85165787,25.5588398,-26,-69
13/05/2014 09:22:20.101750000,513,-232.0312042,-19.45584488,47.65227509,25.5588398,-26,-69
13/05/2014 09:22:30.101750000,514,-231.2297211,-19.2573204,48.649189,25.5588398,-26,-69
13/05/2014 09:22:40.101750000,515,-231.4300842,-19.2573204,47.4528923,25.5588398,-26,-69
13/05/2014 09:22:50.101750000,516,-232.2315826,-19.65436935,48.05104065,25.5588398,-26,-69
13/05/2014 09:23:00.101750000,517,-232.0312042,-19.45584488,48.25042343,25.5588398,-26,-69
13/05/2014 09:23:10.101750000,518,-231.6304626,-19.2573204,47.85165787,25.5588398,-26,-69
13/05/2014 09:23:20.101750000,519,-231.8308411,-19.05879402,47.85165787,25.5588398,-26,-69
13/05/2014 09:23:30.101750000,520,-232.2315826,-19.05879402,48.05104065,25.5588398,-26,-69
13/05/2014 09:23:40.101750000,521,-230.8289642,-18.86026955,48.05104065,25.5588398,-26,-69
13/05/2014 09:23:50.101750000,522,-232.0312042,-19.05879402,47.85165787,25.5588398,-26,-69
13/05/2014 09:24:00.101750000,523,-231.6304626,-19.85289383,47.65227509,25.5588398,-26,-69
13/05/2014 09:24:10.101750000,524,-231.8308411,-19.2573204,47.65227509,25.5588398,-26,-69
13/05/2014 09:24:20.101750000,525,-231.2297211,-19.2573204,46.85474014,25.5588398,-26,-69
13/05/2014 09:24:30.101750000,526,-231.2297211,-19.45584488,47.25350571,25.5588398,-26,-69
13/05/2014 09:24:40.101750000,527,-232.0312042,-19.05879402,47.25350571,25.5588398,-26,-69
13/05/2014 09:24:50.101750000,528,-232.2315826,-19.2573204,47.4528923,25.5588398,-26,-69
13/05/2014 09:25:00.101750000,529,-231.6304626,-18.66174507,47.65227509,25.5588398,-26,-69
13/05/2014 09:25:10.101750000,530,-231.8308411,-19.2573204,48.05104065,25.5588398,-26,-69
13/05/2014 09:25:20.101750000,531,-231.6304626,-19.2573204,47.4528923,25.5588398,-26,-69
13/05/2014 09:25:30.101750000,532,-232.0312042,-19.85289383,48.25042343,25.5588398,-26,-69
13/05/2014 09:25:40.101750000,533,-232.2315826,-19.05879402,47.4528923,25.5588398,-26,-69
13/05/2014 09:25:50.101750000,534,-232.0312042,-19.2573204,47.85165787,25.5588398,-26,-69
13/05/2014 09:26:00.101750000,535,-232.4319611,-18.86026955,47.85165787,25.5588398,-26,-69
13/05/2014 09:26:10.101750000,536,-231.6304626,-18.46321869,48.05104065,25.5588398,-26,-69
13/05/2014 09:26:20.101750000,537,-231.8308411,-19.2573204,47.85165787,25.5588398,-26,-69
13/05/2014 09:26:30.101750000,538,-231.6304626,-19.2573204,47.4528923,25.5588398,-26,-69
13/05/2014 09:26:40.101750000,539,-231.6304626,-19.65436935,47.25350571,25.5588398,-26,-69
13/05/2014 09:26:50.101750000,540,-232.0312042,-18.66174507,47.85165787,25.5588398,-26,-69
13/05/2014 09:27:00.101750000,541,-231.2297211,-19.65436935,47.85165787,25.5588398,-26,-69
13/05/2014 09:27:10.101750000,542,-232.0312042,-19.05879402,47.4528923,25.5588398,-26,-69
13/05/2014 09:27:20.101750000,543,-231.4300842,-18.86026955,48.44980621,25.5588398,-26,-69
13/05/2014 09:27:30.101750000,544,-232.4319611,-18.46321869,47.65227509,25.5588398,-26,-69
13/05/2014 09:27:40.101750000,545,-231.6304626,-18.86026955,47.85165787,25.5588398,-26,-69
13/05/2014 09:27:50.101750000,546,-231.2297211,-18.86026955,48.25042343,25.5588398,-26,-69
13/05/2014 09:28:00.101750000,547,-232.0312042,-19.45584488,48.44980621,25.5588398,-26,-69
13/05/2014 09:28:10.101750000,548,-231.6304626,-20.05142021,47.85165787,25.5588398,-26,-69
13/05/2014 09:28:20.101750000,549,-231.2297211,-19.2573204,48.05104065,25.5588398,-26,-69
13/05/2014 09:28:30.101750000,550,-231.6304626,-19.05879402,48.05104065,25.5588398,-26,-69
13/05/2014 09:28:40.101750000,551,-231.6304626,-19.45584488,48.44980621,25.5588398,-26,-69
13/05/2014 09:28:50.101750000,552,-231.6304626,-18.86026955,47.85165787,25.5588398,-26,-69
13/05/2014 09:29:00.101750000,553,-231.6304626,-19.05879402,47.65227509,25.5588398,-26,-69
13/05/2014 09:29:10.101750000,554,-232.0312042,-19.05879402,47.85165787,25.5588398,-26,-69
13/05/2014 09:29:20.101750000,555,-231.8308411,-19.45584488,47.85165787,25.5588398,-26,-69
13/05/2014 09:29:30.101750000,556,-230.8289642,-20.05142021,47.4528923,25.5588398,-26,-69
13/05/2014 09:29:40.101750000,557,-231.2297211,-19.05879402,47.4528923,25.5588398,-26,-69
13/05/2014 09:29:50.101750000,558,-231.4300842,-18.86026955,47.85165787,25.5588398,-26,-69
13/05/2014 09:30:00.101750000,559,-231.8308411,-18.66174507,47.65227509,25.5588398,-26,-69
13/05/2014 09:30:10.101750000,560,-232.0312042,-18.86026955,47.85165787,25.5588398,-26,-69
13/05/2014 09:30:20.101750000,561,-231.0293427,-18.66174507,48.25042343,25.5588398,-26,-69
13/05/2014 09:30:30.101750000,562,-230.8289642,-19.45584488,47.65227509,25.5588398,-26,-69
13/05/2014 09:30:40.101750000,563,-231.0293427,-19.45584488,48.25042343,25.5588398,-26,-69
13/05/2014 09:30:50.101750000,564,-231.4300842,-19.2573204,47.85165787,25.5588398,-26,-69
13/05/2014 09:31:00.101750000,565,-231.4300842,-18.46321869,47.25350571,25.5588398,-26,-69
13/05/2014 09:31:10.101750000,566,-231.0293427,-19.05879402,48.05104065,25.5588398,-26,-69
13/05/2014 09:31:20.101750000,567,-231.6304626,-18.86026955,47.85165787,25.5588398,-26,-69
13/05/2014 09:31:30.101750000,568,-231.6304626,-18.66174507,47.65227509,25.5588398,-26,-69
13/05/2014 09:31:40.101750000,569,-231.6304626,-19.2573204,47.85165787,25.5588398,-26,-69
13/05/2014 09:31:50.101750000,570,-231.4300842,-18.66174507,48.05104065,25.5588398,-26,-69
13/05/2014 09:32:00.101750000,571,-231.8308411,-18.86026955,48.05104065,25.5588398,-26,-69
13/05/2014 09:32:10.101750000,572,-231.4300842,-19.45584488,48.25042343,25.5588398,-26,-69
13/05/2014 09:32:20.101750000,573,-232.0312042,-18.66174507,47.65227509,25.5588398,-26,-69
13/05/2014 09:32:30.101750000,574,-231.2297211,-18.66174507,47.85165787,25.5588398,-26,-69
13/05/2014 09:32:40.101750000,575,-231.4300842,-19.05879402,47.05412292,25.5588398,-26,-69
13/05/2014 09:32:50.101750000,576,-231.8308411,-19.2573204,47.65227509,25.5588398,-26,-69
13/05/2014 09:33:00.101750000,577,-231.2297211,-19.2573204,47.85165787,25.5588398,-26,-69
13/05/2014 09:33:10.101750000,578,-231.2297211,-19.65436935,47.65227509,25.5588398,-26,-69
13/05/2014 09:33:20.101750000,579,-231.6304626,-18.86026955,48.05104065,25.5588398,-26,-69
13/05/2014 09:33:30.101750000,580,-232.2315826,-18.86026955,47.85165787,25.5588398,-26,-69
13/05/2014 09:33:40.101750000,581,-232.4319611,-19.05879402,48.05104065,25.5588398,-26,-69
13/05/2014 09:33:50.101750000,582,-231.6304626,-19.05879402,48.05104065,25.5588398,-26,-69
13/05/2014 09:34:00.101750000,583,-231.6304626,-18.86026955,47.85165787,25.5588398,-26,-69
13/05/2014 09:34:10.101750000,584,-231.4300842,-18.86026955,47.4528923,25.5588398,-26,-69
13/05/2014 09:34:20.101750000,585,-231.8308411,-19.2573204,47.85165787,25.5588398,-26,-69
13/05/2014 09:34:30.101750000,586,-232.0312042,-19.2573204,47.85165787,25.5588398,-26,-69
13/05/2014 09:34:40.101750000,587,-232.0312042,-18.66174507,48.05104065,25.5588398,-26,-69
13/05/2014 09:34:50.101750000,588,-232.2315826,-19.05879402,47.85165787,25.5588398,-26,-69
13/05/2014 09:35:00.101750000,589,-232.0312042,-18.66174507,47.85165787,25.5588398,-26,-69
13/05/2014 09:35:10.101750000,590,-232.0312042,-18.66174507,47.85165787,25.5588398,-26,-69
13/05/2014 09:35:20.101750000,591,-231.8308411,-19.05879402,47.65227509,25.5588398,-26,-69
13/05/2014 09:35:30.101750000,592,-232.0312042,-18.66174507,47.65227509,25.5588398,-26,-69
13/05/2014 09:35:40.101750000,593,-231.8308411,-19.05879402,47.4528923,25.5588398,-26,-69
13/05/2014 09:35:50.101750000,594,-231.0293427,-19.05879402,47.4528923,25.5588398,-26,-69
13/05/2014 09:36:00.101750000,595,-232.0312042,-19.45584488,47.85165787,25.5588398,-26,-69
13/05/2014 09:36:10.101750000,596,-232.6323242,-19.2573204,47.25350571,25.5588398,-26,-69
13/05/2014 09:36:20.101750000,597,-232.4319611,-19.2573204,47.85165787,25.5588398,-26,-69
13/05/2014 09:36:30.101750000,598,-231.8308411,-19.2573204,47.65227509,25.5588398,-26,-69
13/05/2014 09:36:40.101750000,599,-231.0293427,-19.2573204,48.05104065,25.5588398,-26,-69
13/05/2014 09:36:50.101750000,600,-230.8289642,-19.45584488,46.85474014,25.5588398,-26,-69
13/05/2014 09:37:00.101750000,601,-231.6304626,-19.85289383,48.05104065,25.5588398,-26,-69
13/05/2014 09:37:10.101750000,602,-232.0312042,-18.86026955,47.65227509,25.5588398,-26,-69
13/05/2014 09:37:20.101750000,603,-231.6304626,-18.66174507,47.85165787,25.5588398,-26,-69
13/05/2014 09:37:30.101750000,604,-231.6304626,-18.86026955,47.65227509,25.5588398,-26,-69
13/05/2014 09:37:40.101750000,605,-231.4300842,-19.65436935,48.05104065,25.5588398,-26,-69
13/05/2014 09:37:50.101750000,606,-232.6323242,-18.86026955,47.4528923,25.5588398,-26,-69
13/05/2014 09:38:00.101750000,607,-232.0312042,-19.45584488,47.4528923,25.5588398,-26,-69
13/05/2014 09:38:10.101750000,608,-231.2297211,-19.45584488,47.4528923,25.5588398,-26,-69
13/05/2014 09:38:20.101750000,609,-231.8308411,-19.05879402,47.85165787,25.5588398,-26,-69
13/05/2014 09:38:30.101750000,610,-231.8308411,-19.2573204,47.4528923,25.5588398,-26,-69
13/05/2014 09:38:40.101750000,611,-232.0312042,-18.86026955,47.65227509,25.5588398,-26,-69
13/05/2014 09:38:50.101750000,612,-232.2315826,-19.45584488,46.85474014,25.5588398,-26,-69
13/05/2014 09:39:00.101750000,613,-232.4319611,-19.65436935,47.4528923,25.5588398,-26,-69
13/05/2014 09:39:10.101750000,614,-231.6304626,-19.2573204,47.25350571,25.5588398,-26,-69
13/05/2014 09:39:20.101750000,615,-231.6304626,-18.86026955,47.25350571,25.5588398,-26,-69
13/05/2014 09:39:30.101750000,616,-232.0312042,-18.86026955,47.4528923,25.5588398,-26,-69
13/05/2014 09:39:40.101750000,617,-231.2297211,-19.2573204,47.65227509,25.5588398,-26,-69
13/05/2014 09:39:50.101750000,618,-231.4300842,-18.66174507,47.65227509,25.5588398,-26,-69
13/05/2014 09:40:00.101750000,619,-231.8308411,-18.86026955,47.25350571,25.5588398,-26,-69
13/05/2014 09:40:10.101750000,620,-232.2315826,-18.66174507,47.4528923,25.5588398,-26,-69
13/05/2014 09:40:20.101750000,621,-231.6304626,-19.05879402,47.25350571,25.5588398,-26,-69
13/05/2014 09:40:30.101750000,622,-231.6304626,-18.66174507,47.65227509,25.5588398,-26,-69
13/05/2014 09:40:40.101750000,623,-232.2315826,-19.65436935,47.25350571,25.5588398,-26,-69
13/05/2014 09:40:50.101750000,624,-232.2315826,-19.05879402,47.85165787,25.5588398,-26,-69
13/05/2014 09:41:00.101750000,625,-231.8308411,-18.66174507,46.85474014,25.5588398,-26,-69
13/05/2014 09:41:10.101750000,626,-232.4319611,-19.65436935,47.05412292,25.5588398,-26,-69
13/05/2014 09:41:20.101750000,627,-232.4319611,-19.2573204,48.44980621,25.5588398,-26,-69
13/05/2014 09:41:30.101750000,628,-231.4300842,-19.65436935,47.85165787,25.5588398,-26,-69
13/05/2014 09:41:40.101750000,629,-232.2315826,-19.65436935,47.65227509,25.5588398,-26,-69
13/05/2014 09:41:50.101750000,630,-231.4300842,-19.45584488,47.4528923,25.5588398,-26,-69
13/05/2014 09:42:00.101750000,631,-231.4300842,-19.45584488,47.25350571,25.5588398,-26,-69
13/05/2014 09:42:10.101750000,632,-231.6304626,-19.2573204,46.45597458,25.6760273,-26,-69
13/05/2014 09:42:20.101750000,633,-232.4319611,-19.2573204,47.65227509,25.5588398,-26,-69
13/05/2014 09:42:30.101750000,634,-231.8308411,-19.2573204,47.25350571,25.5588398,-26,-69
13/05/2014 09:42:40.101750000,635,-231.8308411,-19.2573204,47.4528923,25.6760273,-26,-69
13/05/2014 09:42:50.101750000,636,-231.2297211,-19.05879402,47.85165787,25.6760273,-26,-69
13/05/2014 09:43:00.101750000,637,-232.2315826,-19.65436935,47.85165787,25.5588398,-26,-69
13/05/2014 09:43:10.101750000,638,-231.8308411,-19.85289383,47.25350571,25.5588398,-26,-69
13/05/2014 09:43:20.101750000,639,-232.0312042,-19.05879402,47.85165787,25.5588398,-26,-69
13/05/2014 09:43:30.101750000,640,-231.0293427,-18.46321869,47.4528923,25.6760273,-26,-69
13/05/2014 09:43:40.101750000,641,-232.4319611,-20.05142021,47.65227509,25.6760273,-26,-69
13/05/2014 09:43:50.101750000,642,-231.4300842,-19.45584488,46.2565918,25.5588398,-28,-69
13/05/2014 09:44:00.101750000,643,-231.6304626,-19.2573204,48.649189,25.5588398,-26,-69
13/05/2014 09:44:10.101750000,644,-232.2315826,-19.05879402,47.65227509,25.6760273,-26,-69
13/05/2014 09:44:20.101750000,645,-231.6304626,-19.2573204,47.4528923,25.5588398,-26,-69
13/05/2014 09:44:30.101750000,646,-231.8308411,-19.2573204,47.4528923,25.5588398,-26,-69
13/05/2014 09:44:40.101750000,647,-231.8308411,-19.05879402,47.85165787,25.5588398,-26,-69
13/05/2014 09:44:50.101750000,648,-231.6304626,-18.86026955,48.05104065,25.5588398,-28,-69
13/05/2014 09:45:00.101750000,649,-231.8308411,-19.65436935,48.05104065,25.5588398,-26,-69
13/05/2014 09:45:10.101750000,650,-230.8289642,-19.2573204,47.05412292,25.6760273,-26,-69
13/05/2014 09:45:20.101750000,651,-231.8308411,-19.65436935,47.65227509,25.6760273,-26,-69
13/05/2014 09:45:30.101750000,652,-231.8308411,-19.05879402,48.05104065,25.6760273,-26,-69
13/05/2014 09:45:40.101750000,653,-231.6304626,-19.45584488,47.05412292,25.6760273,-26,-69
13/05/2014 09:45:50.101750000,654,-231.6304626,-19.65436935,47.65227509,25.6760273,-26,-69
13/05/2014 09:46:00.101750000,655,-232.0312042,-19.05879402,47.65227509,25.6760273,-26,-69
13/05/2014 09:46:10.101750000,656,-231.2297211,-19.65436935,47.4528923,25.6760273,-26,-69
13/05/2014 09:46:20.101750000,657,-231.8308411,-19.2573204,47.85165787,25.6760273,-26,-69
13/05/2014 09:46:30.101750000,658,-232.4319611,-19.65436935,47.65227509,25.6760273,-26,-69
13/05/2014 09:46:40.101750000,659,-232.0312042,-18.86026955,48.05104065,25.6760273,-26,-69
13/05/2014 09:46:50.101750000,660,-232.0312042,-19.45584488,47.25350571,25.6760273,-26,-69
13/05/2014 09:47:00.101750000,661,-231.4300842,-19.45584488,47.4528923,25.6760273,-26,-69
13/05/2014 09:47:10.101750000,662,-231.6304626,-19.65436935,48.05104065,25.6760273,-26,-69
13/05/2014 09:47:20.101750000,663,-231.2297211,-19.85289383,48.05104065,25.6760273,-27,-69
13/05/2014 09:47:30.101750000,664,-232.0312042,-19.05879402,47.65227509,25.6760273,-26,-69
13/05/2014 09:47:40.101750000,665,-231.2297211,-19.05879402,47.85165787,25.6760273,-27,-69
13/05/2014 09:47:50.101750000,666,-231.6304626,-19.05879402,47.05412292,25.6760273,-26,-69
13/05/2014 09:48:00.101750000,667,-231.8308411,-19.2573204,47.25350571,25.6760273,-26,-69
13/05/2014 09:48:10.101750000,668,-231.6304626,-19.65436935,47.65227509,25.6760273,-26,-69
13/05/2014 09:48:20.101750000,669,-230.8289642,-19.65436935,47.4528923,25.6760273,-26,-69
13/05/2014 09:48:30.101750000,670,-232.2315826,-18.86026955,47.85165787,25.6760273,-26,-69
13/05/2014 09:48:40.101750000,671,-232.4319611,-19.85289383,46.85474014,25.6760273,-26,-69
13/05/2014 09:48:50.101750000,672,-231.8308411,-19.2573204,47.4528923,25.6760273,-26,-69
13/05/2014 09:49:00.101750000,673,-231.4300842,-19.2573204,47.65227509,25.6760273,-26,-69
13/05/2014 09:49:10.101750000,674,-231.0293427,-19.45584488,47.4528923,25.6760273,-26,-69
13/05/2014 09:49:20.101750000,675,-231.0293427,-19.85289383,47.85165787,25.6760273,-26,-69
13/05/2014 09:49:30.101750000,676,-231.6304626,-19.2573204,47.85165787,25.6760273,-26,-69
13/05/2014 09:49:40.101750000,677,-231.6304626,-18.86026955,47.65227509,25.6760273,-26,-69
13/05/2014 09:49:50.101750000,678,-231.6304626,-19.2573204,48.05104065,25.6760273,-26,-69
13/05/2014 09:50:00.101750000,679,-231.0293427,-19.2573204,46.65535736,25.6760273,-26,-69
13/05/2014 09:50:10.101750000,680,-231.8308411,-19.2573204,48.05104065,25.6760273,-26,-69
13/05/2014 09:50:20.101750000,681,-232.2315826,-18.86026955,47.4528923,25.6760273,-26,-69
13/05/2014 09:50:30.101750000,682,-231.6304626,-19.45584488,48.05104065,25.6760273,-26,-69
13/05/2014 09:50:40.101750000,683,-231.0293427,-19.2573204,47.65227509,25.6760273,-26,-69
13/05/2014 09:50:50.101750000,684,-231.6304626,-18.26469421,47.4528923,25.6760273,-26,-69
13/05/2014 09:51:00.101750000,685,-231.6304626,-19.85289383,47.4528923,25.6760273,-26,-69
13/05/2014 09:51:10.101750000,686,-231.4300842,-19.45584488,47.05412292,25.6760273,-26,-69
13/05/2014 09:51:20.101750000,687,-231.8308411,-19.05879402,47.05412292,25.6760273,-26,-69
13/05/2014 09:51:30.101750000,688,-231.4300842,-19.05879402,48.05104065,25.6760273,-26,-69
13/05/2014 09:51:40.101750000,689,-230.8289642,-19.05879402,47.4528923,25.6760273,-26,-69
13/05/2014 09:51:50.101750000,690,-231.6304626,-19.2573204,47.25350571,25.6760273,-26,-69
13/05/2014 09:52:00.101750000,691,-230.8289642,-18.26469421,47.65227509,25.6760273,-26,-69
13/05/2014 09:52:10.101750000,692,-232.0312042,-19.45584488,47.85165787,25.6760273,-26,-69
13/05/2014 09:52:20.101750000,693,-231.8308411,-18.66174507,47.65227509,25.6760273,-26,-69
13/05/2014 09:52:30.101750000,694,-232.4319611,-19.2573204,47.85165787,25.6760273,-26,-69
13/05/2014 09:52:40.101750000,695,-231.8308411,-18.66174507,46.85474014,25.6760273,-26,-69
13/05/2014 09:52:50.101750000,696,-231.8308411,-19.85289383,47.85165787,25.6760273,-26,-69
13/05/2014 09:53:00.101750000,697,-231.4300842,-19.2573204,47.65227509,25.6760273,-26,-69
13/05/2014 09:53:10.101750000,698,-231.2297211,-19.05879402,47.85165787,25.6760273,-26,-69
13/05/2014 09:53:20.101750000,699,-232.0312042,-19.45584488,47.85165787,25.6760273,-26,-69
13/05/2014 09:53:30.101750000,700,-231.4300842,-19.2573204,47.4528923,25.6760273,-26,-69
13/05/2014 09:53:40.101750000,701,-231.6304626,-17.86764526,47.25350571,25.6760273,-26,-69
13/05/2014 09:53:50.101750000,702,-232.2315826,-18.06616974,47.65227509,25.6760273,-26,-69
13/05/2014 09:54:00.101750000,703,-231.4300842,-18.86026955,47.4528923,25.6760273,-26,-69
13/05/2014 09:54:10.101750000,704,-231.0293427,-18.86026955,47.05412292,25.6760273,-26,-69
13/05/2014 09:54:20.101750000,705,-232.0312042,-19.05879402,47.65227509,25.6760273,-26,-69
13/05/2014 09:54:30.101750000,706,-231.4300842,-18.86026955,48.05104065,25.6760273,-26,-69
13/05/2014 09:54:40.101750000,707,-231.8308411,-19.85289383,47.4528923,25.6760273,-26,-69
13/05/2014 09:54:50.101750000,708,-232.0312042,-19.2573204,47.05412292,25.6760273,-26,-69
13/05/2014 09:55:00.101750000,709,-231.4300842,-19.05879402,47.4528923,25.6760273,-26,-69
13/05/2014 09:55:10.101750000,710,-232.0312042,-19.65436935,47.85165787,25.6760273,-26,-73
13/05/2014 09:55:20.101750000,711,-204.3797302,-163.5849915,-250.4253235,25.6760273,-28,-69
13/05/2014 09:55:30.101750000,712,-219.608078,-91.32189178,-138.9702148,25.6760273,-26,-78
13/05/2014 09:55:40.101750000,713,-230.0274811,-74.05021667,-63.80282593,25.6760273,-37,-87
13/05/2014 09:55:50.101750000,714,-230.8289642,-68.49151611,-48.45033646,25.6760273,-26,-73
13/05/2014 09:56:00.101750000,715,-222.4132996,-90.52779388,-111.654747,25.6760273,-28,-73
13/05/2014 09:56:10.101750000,716,-202.3760071,-197.9298096,-357.2946167,25.6760273,-28,-69
13/05/2014 09:56:20.101750000,717,-211.7935333,-171.5259857,-293.2926636,25.6760273,-27,-73
13/05/2014 09:56:30.101750000,718,-210.7916718,-169.7392731,-290.3019104,25.6760273,-28,-71
13/05/2014 09:56:40.101750000,719,-172.1196899,-234.4584198,-413.5206299,25.6760273,-28,-71
13/05/2014 09:56:50.101750000,720,-186.7469177,-207.8560638,-387.0026855,25.6760273,-30,-72
13/05/2014 09:57:00.101750000,721,-250.0647736,-45.46261978,-20.13794899,25.6760273,-30,-86
13/05/2014 09:57:10.101750000,722,-234.6360626,-31.16881943,-7.975584984,25.6760273,-41,-76
13/05/2014 09:57:20.101750000,723,-235.0368042,-31.3673439,-7.975584984,25.6760273,-36,-69
13/05/2014 09:57:30.101750000,724,-233.8345642,-31.76439476,-8.573734283,25.6760273,-27,-69
13/05/2014 09:57:40.101750000,725,-234.2353058,-31.3673439,-8.174967766,25.6760273,-27,-69
13/05/2014 09:57:50.101750000,726,-233.6341858,-31.56587029,-7.576818943,25.6760273,-27,-69
13/05/2014 09:58:00.101750000,727,-233.4338226,-31.56587029,-8.174967766,25.6760273,-27,-69
13/05/2014 09:58:10.101750000,728,-233.6341858,-31.16881943,-8.174967766,25.6760273,-27,-69
13/05/2014 09:58:20.101750000,729,-233.2334442,-31.76439476,-8.174967766,25.6760273,-27,-69
13/05/2014 09:58:30.101750000,730,-232.6323242,-31.96291924,-8.773117065,25.6760273,-27,-69
13/05/2014 09:58:40.101750000,731,-232.8327026,-31.76439476,-8.374351501,25.6760273,-27,-69
13/05/2014 09:58:50.101750000,732,-233.2334442,-31.56587029,-8.174967766,25.6760273,-27,-69
13/05/2014 09:59:00.101750000,733,-233.6341858,-30.97029495,-8.573734283,25.6760273,-27,-69
13/05/2014 09:59:10.101750000,734,-233.2334442,-31.96291924,-8.972499847,25.6760273,-27,-69
13/05/2014 09:59:20.101750000,735,-233.2334442,-30.97029495,-8.174967766,25.6760273,-26,-69
13/05/2014 09:59:30.101750000,736,-232.6323242,-31.3673439,-7.776202202,25.6760273,-27,-69
13/05/2014 09:59:40.101750000,737,-232.0312042,-31.3673439,-8.174967766,25.6760273,-27,-69
13/05/2014 09:59:50.101750000,738,-233.0330658,-31.3673439,-8.573734283,25.6760273,-27,-69
13/05/2014 10:00:00.101750000,739,-233.0330658,-31.56587029,-8.573734283,25.6760273,-27,-69
13/05/2014 10:00:10.101750000,740,-232.8327026,-30.77176857,-7.178052902,25.6760273,-27,-69
13/05/2014 10:00:20.101750000,741,-232.0312042,-30.57324409,-7.776202202,25.6760273,-27,-69
13/05/2014 10:00:30.101750000,742,-233.2334442,-30.97029495,-8.174967766,25.6760273,-27,-69
13/05/2014 10:00:40.101750000,743,-232.0312042,-30.97029495,-6.97867012,25.6760273,-27,-69
13/05/2014 10:00:50.101750000,744,-233.4338226,-31.3673439,-7.975584984,25.6760273,-27,-69
13/05/2014 10:01:00.101750000,745,-233.2334442,-31.76439476,-7.975584984,25.6760273,-28,-69
13/05/2014 10:01:10.101750000,746,-232.6323242,-31.76439476,-8.573734283,25.6760273,-27,-69
13/05/2014 10:01:20.101750000,747,-232.4319611,-31.76439476,-8.174967766,25.6760273,-27,-69
13/05/2014 10:01:30.101750000,748,-233.0330658,-31.3673439,-7.576818943,25.6760273,-27,-69
13/05/2014 10:01:40.101750000,749,-233.2334442,-30.77176857,-7.975584984,25.6760273,-27,-69
13/05/2014 10:01:50.101750000,750,-233.0330658,-30.57324409,-7.377436161,25.6760273,-27,-69
13/05/2014 10:02:00.101750000,751,-232.0312042,-31.56587029,-7.975584984,25.6760273,-27,-69
13/05/2014 10:02:10.101750000,752,-233.0330658,-31.16881943,-7.377436161,25.6760273,-27,-69
13/05/2014 10:02:20.101750000,753,-232.2315826,-31.76439476,-8.374351501,25.6760273,-27,-69
13/05/2014 10:02:30.101750000,754,-232.2315826,-30.97029495,-8.573734283,25.6760273,-27,-69
13/05/2014 10:02:40.101750000,755,-231.8308411,-31.16881943,-7.975584984,25.6760273,-27,-69
13/05/2014 10:02:50.101750000,756,-233.0330658,-31.56587029,-7.178052902,25.6760273,-27,-69
13/05/2014 10:03:00.101750000,757,-231.8308411,-30.57324409,-7.975584984,25.6760273,-27,-69
13/05/2014 10:03:10.101750000,758,-232.0312042,-31.76439476,-7.975584984,25.6760273,-27,-69
13/05/2014 10:03:20.101750000,759,-232.0312042,-31.56587029,-8.374351501,25.6760273,-27,-69
13/05/2014 10:03:30.101750000,760,-232.0312042,-30.57324409,-8.573734283,25.6760273,-27,-69
13/05/2014 10:03:40.101750000,761,-232.6323242,-31.56587029,-8.573734283,25.6760273,-27,-69
13/05/2014 10:03:50.101750000,762,-232.0312042,-30.97029495,-8.573734283,25.6760273,-27,-69
13/05/2014 10:04:00.101750000,763,-232.0312042,-31.16881943,-8.374351501,25.6760273,-27,-69
13/05/2014 10:04:10.101750000,764,-232.0312042,-31.3673439,-7.776202202,25.6760273,-27,-69
13/05/2014 10:04:20.101750000,765,-231.2297211,-30.97029495,-7.975584984,25.6760273,-27,-69
13/05/2014 10:04:30.101750000,766,-231.4300842,-30.97029495,-7.776202202,25.6760273,-27,-69
13/05/2014 10:04:40.101750000,767,-231.6304626,-30.97029495,-7.377436161,25.6760273,-27,-69
13/05/2014 10:04:50.101750000,768,-232.0312042,-31.96291924,-8.573734283,25.6760273,-27,-69
13/05/2014 10:05:00.101750000,769,-231.8308411,-31.96291924,-8.174967766,25.6760273,-27,-69
13/05/2014 10:05:10.101750000,770,-232.4319611,-31.16881943,-7.776202202,25.6760273,-27,-69
13/05/2014 10:05:20.101750000,771,-231.8308411,-31.96291924,-7.377436161,25.6760273,-27,-69
13/05/2014 10:05:30.101750000,772,-231.6304626,-30.97029495,-8.573734283,25.6760273,-27,-69
13/05/2014 10:05:40.101750000,773,-232.2315826,-31.96291924,-7.576818943,25.6760273,-27,-69
13/05/2014 10:05:50.101750000,774,-231.2297211,-32.16144562,-7.776202202,25.6760273,-27,-69
13/05/2014 10:06:00.101750000,775,-232.4319611,-31.96291924,-7.975584984,25.6760273,-28,-69
13/05/2014 10:06:10.101750000,776,-232.0312042,-31.3673439,-7.975584984,25.6760273,-28,-69
13/05/2014 10:06:20.101750000,777,-231.6304626,-31.3673439,-8.174967766,25.6760273,-28,-69
13/05/2014 10:06:30.101750000,778,-232.6323242,-31.56587029,-8.374351501,25.6760273,-27,-69
13/05/2014 10:06:40.101750000,779,-231.2297211,-30.97029495,-7.776202202,25.6760273,-27,-69
13/05/2014 10:06:50.101750000,780,-231.4300842,-30.97029495,-8.174967766,25.6760273,-27,-69
13/05/2014 10:07:00.101750000,781,-231.2297211,-30.77176857,-7.377436161,25.6760273,-27,-69
13/05/2014 10:07:10.101750000,782,-232.0312042,-31.56587029,-7.975584984,25.6760273,-27,-69
13/05/2014 10:07:20.101750000,783,-231.4300842,-31.3673439,-8.174967766,25.6760273,-27,-69
13/05/2014 10:07:30.101750000,784,-232.0312042,-31.56587029,-8.573734283,25.6760273,-28,-69
13/05/2014 10:07:40.101750000,785,-231.8308411,-31.16881943,-8.374351501,25.6760273,-28,-69
13/05/2014 10:07:50.101750000,786,-231.4300842,-31.56587029,-8.174967766,25.6760273,-27,-69
13/05/2014 10:08:00.101750000,787,-231.8308411,-31.3673439,-8.174967766,25.6760273,-27,-69
13/05/2014 10:08:10.101750000,788,-231.4300842,-31.16881943,-8.773117065,25.6760273,-27,-69
13/05/2014 10:08:20.101750000,789,-231.8308411,-31.76439476,-7.776202202,25.6760273,-28,-69
13/05/2014 10:08:30.101750000,790,-231.0293427,-31.96291924,-7.377436161,25.6760273,-28,-69
13/05/2014 10:08:40.101750000,791,-231.8308411,-31.16881943,-7.576818943,25.6760273,-28,-69
13/05/2014 10:08:50.101750000,792,-232.6323242,-32.55849457,-7.975584984,25.6760273,-28,-69
13/05/2014 10:09:00.101750000,793,-231.4300842,-30.97029495,-8.374351501,25.6760273,-28,-69
13/05/2014 10:09:10.101750000,794,-231.4300842,-31.3673439,-8.374351501,25.6760273,-28,-69
13/05/2014 10:09:20.101750000,795,-231.0293427,-31.56587029,-7.975584984,25.6760273,-28,-69
13/05/2014 10:09:30.101750000,796,-231.6304626,-31.56587029,-8.374351501,25.6760273,-28,-69
13/05/2014 10:09:40.101750000,797,-231.6304626,-30.97029495,-7.576818943,25.6760273,-27,-69
13/05/2014 10:09:50.101750000,798,-231.8308411,-31.16881943,-7.377436161,25.6760273,-28,-69
13/05/2014 10:10:00.101750000,799,-231.0293427,-31.56587029,-7.377436161,25.6760273,-28,-69
13/05/2014 10:10:10.101750000,800,-231.2297211,-31.16881943,-7.178052902,25.6760273,-28,-69
13/05/2014 10:10:20.101750000,801,-232.2315826,-31.3673439,-7.776202202,25.6760273,-28,-69
13/05/2014 10:10:30.101750000,802,-231.2297211,-30.57324409,-7.377436161,25.6760273,-28,-69
13/05/2014 10:10:40.101750000,803,-232.2315826,-31.56587029,-7.576818943,25.6760273,-28,-69
13/05/2014 10:10:50.101750000,804,-231.4300842,-31.96291924,-7.975584984,25.6760273,-28,-69
13/05/2014 10:11:00.101750000,805,-231.4300842,-31.76439476,-8.374351501,25.6760273,-27,-69
13/05/2014 10:11:10.101750000,806,-231.0293427,-32.16144562,-8.374351501,25.6760273,-27,-69
13/05/2014 10:11:20.101750000,807,-231.6304626,-31.56587029,-8.573734283,25.6760273,-28,-69
13/05/2014 10:11:30.101750000,808,-232.4319611,-31.56587029,-7.576818943,25.6760273,-28,-69
13/05/2014 10:11:40.101750000,809,-231.4300842,-31.56587029,-8.374351501,25.6760273,-27,-69
13/05/2014 10:11:50.101750000,810,-231.8308411,-31.3673439,-8.374351501,25.6760273,-27,-69
13/05/2014 10:12:00.101750000,811,-231.6304626,-30.97029495,-8.174967766,25.6760273,-28,-69
13/05/2014 10:12:10.101750000,812,-231.8308411,-30.97029495,-8.174967766,25.6760273,-28,-69
13/05/2014 10:12:20.101750000,813,-231.2297211,-31.76439476,-8.374351501,25.6760273,-27,-69
13/05/2014 10:12:30.101750000,814,-231.4300842,-31.96291924,-8.174967766,25.6760273,-28,-69
13/05/2014 10:12:40.101750000,815,-230.8289642,-31.16881943,-7.377436161,25.6760273,-28,-69
13/05/2014 10:12:50.101750000,816,-231.6304626,-31.56587029,-7.776202202,25.6760273,-27,-69
13/05/2014 10:13:00.101750000,817,-232.2315826,-30.77176857,-8.174967766,25.6760273,-27,-69
13/05/2014 10:13:10.101750000,818,-231.6304626,-31.3673439,-7.975584984,25.6760273,-28,-69
13/05/2014 10:13:20.101750000,819,-231.6304626,-31.56587029,-7.377436161,25.6760273,-28,-69
13/05/2014 10:13:30.101750000,820,-231.8308411,-31.16881943,-7.178052902,25.6760273,-27,-69
13/05/2014 10:13:40.101750000,821,-232.0312042,-31.3673439,-8.374351501,25.6760273,-28,-69
13/05/2014 10:13:50.101750000,822,-231.8308411,-31.16881943,-7.377436161,25.6760273,-27,-69
13/05/2014 10:14:00.101750000,823,-232.0312042,-31.56587029,-7.975584984,25.6760273,-28,-69
13/05/2014 10:14:10.101750000,824,-231.4300842,-31.16881943,-7.576818943,25.6760273,-28,-69
13/05/2014 10:14:20.101750000,825,-231.8308411,-30.97029495,-6.97867012,25.6760273,-28,-69
13/05/2014 10:14:30.101750000,826,-231.8308411,-31.3673439,-7.576818943,25.6760273,-28,-69
13/05/2014 10:14:40.101750000,827,-231.0293427,-30.97029495,-6.579904079,25.6760273,-28,-69
13/05/2014 10:14:50.101750000,828,-231.0293427,-31.16881943,-7.178052902,25.6760273,-27,-69
13/05/2014 10:15:00.101750000,829,-231.8308411,-31.3673439,-7.576818943,25.6760273,-28,-69
13/05/2014 10:15:10.101750000,830,-231.2297211,-30.37471962,-7.377436161,25.6760273,-28,-69
13/05/2014 10:15:20.101750000,831,-231.0293427,-30.57324409,-7.776202202,25.6760273,-28,-69
13/05/2014 10:15:30.101750000,832,-231.8308411,-31.16881943,-6.97867012,25.6760273,-28,-69
13/05/2014 10:15:40.101750000,833,-230.6286011,-30.97029495,-6.97867012,25.6760273,-28,-69
13/05/2014 10:15:50.101750000,834,-231.6304626,-30.37471962,-6.97867012,25.6760273,-28,-69
13/05/2014 10:16:00.101750000,835,-231.6304626,-31.16881943,-7.576818943,25.6760273,-28,-69
13/05/2014 10:16:10.101750000,836,-230.8289642,-30.77176857,-7.776202202,25.6760273,-28,-69
13/05/2014 10:16:20.101750000,837,-231.8308411,-31.16881943,-7.776202202,25.6760273,-28,-69
13/05/2014 10:16:30.101750000,838,-230.6286011,-31.3673439,-6.779286861,25.6760273,-28,-69
13/05/2014 10:16:40.101750000,839,-230.8289642,-30.77176857,-6.779286861,25.6760273,-28,-69
13/05/2014 10:16:50.101750000,840,-230.8289642,-30.37471962,-7.178052902,25.6760273,-28,-69
13/05/2014 10:17:00.101750000,841,-230.8289642,-30.97029495,-7.377436161,25.6760273,-28,-69
13/05/2014 10:17:10.101750000,842,-231.2297211,-30.97029495,-7.776202202,25.6760273,-28,-69
13/05/2014 10:17:20.101750000,843,-230.8289642,-31.56587029,-6.779286861,25.6760273,-28,-69
13/05/2014 10:17:30.101750000,844,-231.2297211,-31.16881943,-6.97867012,25.6760273,-28,-69
13/05/2014 10:17:40.101750000,845,-231.6304626,-30.37471962,-7.377436161,25.6760273,-27,-69
13/05/2014 10:17:50.101750000,846,-230.8289642,-30.77176857,-6.380520821,25.6760273,-28,-69
13/05/2014 10:18:00.101750000,847,-230.2278442,-30.57324409,-7.377436161,25.6760273,-28,-69
13/05/2014 10:18:10.101750000,848,-231.0293427,-30.37471962,-6.579904079,25.6760273,-28,-69
13/05/2014 10:18:20.101750000,849,-230.8289642,-31.3673439,-6.579904079,25.6760273,-28,-69
13/05/2014 10:18:30.101750000,850,-230.4282227,-30.57324409,-7.377436161,25.6760273,-27,-69
13/05/2014 10:18:40.101750000,851,-231.0293427,-30.97029495,-7.377436161,25.6760273,-27,-69
13/05/2014 10:18:50.101750000,852,-231.2297211,-30.57324409,-5.98175478,25.6760273,-28,-69
13/05/2014 10:19:00.101750000,853,-230.8289642,-30.57324409,-7.377436161,25.6760273,-27,-69
13/05/2014 10:19:10.101750000,854,-231.0293427,-30.57324409,-6.97867012,25.6760273,-27,-69
13/05/2014 10:19:20.101750000,855,-231.2297211,-30.97029495,-7.178052902,25.6760273,-27,-69
13/05/2014 10:19:30.101750000,856,-231.2297211,-30.37471962,-6.779286861,25.6760273,-28,-69
13/05/2014 10:19:40.101750000,857,-230.8289642,-31.16881943,-6.779286861,25.6760273,-27,-69
13/05/2014 10:19:50.101750000,858,-230.4282227,-30.57324409,-6.779286861,25.6760273,-27,-69
13/05/2014 10:20:00.101750000,859,-231.4300842,-30.97029495,-6.779286861,25.6760273,-27,-69
13/05/2014 10:20:10.101750000,860,-231.2297211,-30.97029495,-7.377436161,25.6760273,-27,-69
13/05/2014 10:20:20.101750000,861,-231.0293427,-30.37471962,-7.178052902,25.6760273,-27,-69
13/05/2014 10:20:30.101750000,862,-230.4282227,-30.57324409,-6.97867012,25.6760273,-28,-69
13/05/2014 10:20:40.101750000,863,-231.4300842,-30.77176857,-6.779286861,25.6760273,-28,-69
13/05/2014 10:20:50.101750000,864,-231.0293427,-30.37471962,-5.98175478,25.6760273,-27,-69
13/05/2014 10:21:00.101750000,865,-231.4300842,-30.17619514,-6.97867012,25.6760273,-28,-69
13/05/2014 10:21:10.101750000,866,-230.8289642,-30.97029495,-7.576818943,25.6760273,-27,-69
13/05/2014 10:21:20.101750000,867,-231.4300842,-30.17619514,-7.377436161,25.6760273,-28,-69
13/05/2014 10:21:30.101750000,868,-230.6286011,-30.77176857,-8.174967766,25.6760273,-28,-69
13/05/2014 10:21:40.101750000,869,-231.0293427,-30.57324409,-6.779286861,25.6760273,-27,-69
13/05/2014 10:21:50.101750000,870,-231.0293427,-31.16881943,-6.97867012,25.6760273,-27,-69
13/05/2014 10:22:00.101750000,871,-230.2278442,-30.97029495,-6.97867012,25.6760273,-28,-69
13/05/2014 10:22:10.101750000,872,-231.0293427,-30.37471962,-6.579904079,25.6760273,-28,-69
13/05/2014 10:22:20.101750000,873,-231.0293427,-30.57324409,-6.380520821,25.6760273,-28,-69
13/05/2014 10:22:30.101750000,874,-230.8289642,-30.17619514,-7.178052902,25.6760273,-28,-69
13/05/2014 10:22:40.101750000,875,-230.8289642,-30.57324409,-7.178052902,25.6760273,-28,-69
13/05/2014 10:22:50.101750000,876,-230.8289642,-29.97766876,-7.178052902,25.6760273,-27,-69
13/05/2014 10:23:00.101750000,877,-230.4282227,-30.97029495,-7.178052902,25.6760273,-27,-69
13/05/2014 10:23:10.101750000,878,-230.6286011,-31.16881943,-6.579904079,25.6760273,-27,-69
13/05/2014 10:23:20.101750000,879,-230.4282227,-30.97029495,-6.97867012,25.6760273,-28,-69
13/05/2014 10:23:30.101750000,880,-231.8308411,-30.57324409,-6.779286861,25.6760273,-27,-69
13/05/2014 10:23:40.101750000,881,-230.6286011,-30.57324409,-6.779286861,25.6760273,-28,-69
13/05/2014 10:23:50.101750000,882,-230.6286011,-30.57324409,-6.97867012,25.6760273,-28,-69
13/05/2014 10:24:00.101750000,883,-230.8289642,-30.17619514,-7.576818943,25.6760273,-27,-69
13/05/2014 10:24:10.101750000,884,-230.4282227,-31.3673439,-6.579904079,25.6760273,-28,-69
13/05/2014 10:24:20.101750000,885,-231.0293427,-30.97029495,-6.779286861,25.6760273,-28,-69
13/05/2014 10:24:30.101750000,886,-230.6286011,-30.17619514,-6.97867012,25.6760273,-28,-69
13/05/2014 10:24:40.101750000,887,-230.2278442,-30.37471962,-5.98175478,25.6760273,-28,-69
13/05/2014 10:24:50.101750000,888,-230.6286011,-30.57324409,-5.98175478,25.6760273,-28,-69
13/05/2014 10:25:00.101750000,889,-231.0293427,-30.17619514,-6.97867012,25.6760273,-27,-69
13/05/2014 10:25:10.101750000,890,-230.4282227,-30.77176857,-6.380520821,25.6760273,-27,-69
13/05/2014 10:25:20.101750000,891,-230.6286011,-30.17619514,-6.380520821,25.6760273,-27,-69
13/05/2014 10:25:30.101750000,892,-231.4300842,-30.77176857,-6.97867012,25.6760273,-27,-69
13/05/2014 10:25:40.101750000,893,-231.8308411,-30.97029495,-7.178052902,25.6760273,-27,-69
13/05/2014 10:25:50.101750000,894,-231.0293427,-30.17619514,-6.779286861,25.6760273,-28,-69
13/05/2014 10:26:00.101750000,895,-230.6286011,-30.77176857,-6.97867012,25.6760273,-28,-69
13/05/2014 10:26:10.101750000,896,-230.6286011,-30.37471962,-6.579904079,25.6760273,-27,-69
13/05/2014 10:26:20.101750000,897,-230.6286011,-30.97029495,-6.181138039,25.6760273,-28,-69
13/05/2014 10:26:30.101750000,898,-230.2278442,-30.77176857,-6.579904079,25.6760273,-27,-69
13/05/2014 10:26:40.101750000,899,-229.8271027,-30.37471962,-7.178052902,25.6760273,-27,-69
13/05/2014 10:26:50.101750000,900,-231.0293427,-31.16881943,-7.178052902,25.6760273,-28,-69
13/05/2014 10:27:00.101750000,901,-231.4300842,-30.57324409,-5.782371998,25.6760273,-28,-69
13/05/2014 10:27:10.101750000,902,-230.6286011,-30.37471962,-6.181138039,25.6760273,-28,-69
13/05/2014 10:27:20.101750000,903,-230.0274811,-30.37471962,-6.181138039,25.6760273,-28,-69
13/05/2014 10:27:30.101750000,904,-230.8289642,-30.97029495,-6.579904079,25.6760273,-27,-69
13/05/2014 10:27:40.101750000,905,-230.4282227,-30.57324409,-6.779286861,25.6760273,-28,-69
13/05/2014 10:27:50.101750000,906,-231.0293427,-30.77176857,-6.97867012,25.6760273,-27,-69
13/05/2014 10:28:00.101750000,907,-230.4282227,-30.97029495,-6.579904079,25.6760273,-27,-69
13/05/2014 10:28:10.101750000,908,-230.6286011,-30.37471962,-7.178052902,25.6760273,-28,-69
13/05/2014 10:28:20.101750000,909,-230.2278442,-30.37471962,-6.579904079,25.6760273,-27,-69
13/05/2014 10:28:30.101750000,910,-230.6286011,-30.37471962,-7.178052902,25.6760273,-27,-69
13/05/2014 10:28:40.101750000,911,-230.8289642,-30.57324409,-6.181138039,25.6760273,-28,-69
13/05/2014 10:28:50.101750000,912,-231.2297211,-30.37471962,-6.779286861,25.6760273,-27,-69
13/05/2014 10:29:00.101750000,913,-230.6286011,-30.17619514,-6.779286861,25.6760273,-27,-69
13/05/2014 10:29:10.101750000,914,-230.4282227,-30.77176857,-6.380520821,25.6760273,-27,-69
13/05/2014 10:29:20.101750000,915,-229.8271027,-30.37471962,-6.779286861,25.6760273,-27,-69
13/05/2014 10:29:30.101750000,916,-230.2278442,-30.37471962,-6.97867012,25.6760273,-27,-69
13/05/2014 10:29:40.101750000,917,-230.4282227,-30.17619514,-6.380520821,25.6760273,-27,-69
13/05/2014 10:29:50.101750000,918,-229.2259827,-29.97766876,-6.97867012,25.6760273,-27,-69
13/05/2014 10:30:00.101750000,919,-231.0293427,-30.17619514,-6.97867012,25.6760273,-27,-69
13/05/2014 10:30:10.101750000,920,-230.4282227,-30.77176857,-6.579904079,25.6760273,-28,-69
13/05/2014 10:30:20.101750000,921,-230.6286011,-30.37471962,-6.380520821,25.6760273,-28,-69
13/05/2014 10:30:30.101750000,922,-230.4282227,-29.97766876,-6.97867012,25.6760273,-27,-69
13/05/2014 10:30:40.101750000,923,-230.6286011,-30.37471962,-6.380520821,25.6760273,-28,-69
13/05/2014 10:30:50.101750000,924,-229.8271027,-29.77914429,-6.579904079,25.6760273,-27,-69
13/05/2014 10:31:00.101750000,925,-230.4282227,-30.57324409,-6.779286861,25.6760273,-27,-69
13/05/2014 10:31:10.101750000,926,-231.0293427,-30.37471962,-6.97867012,25.6760273,-28,-69
13/05/2014 10:31:20.101750000,927,-230.4282227,-29.97766876,-5.98175478,25.6760273,-28,-69
13/05/2014 10:31:30.101750000,928,-230.8289642,-30.17619514,-6.779286861,25.6760273,-28,-69
13/05/2014 10:31:40.101750000,929,-230.6286011,-29.58061981,-6.97867012,25.6760273,-27,-69
13/05/2014 10:31:50.101750000,930,-230.2278442,-29.58061981,-7.178052902,25.6760273,-28,-69
13/05/2014 10:32:00.101750000,931,-230.2278442,-29.97766876,-6.181138039,25.6760273,-28,-69
13/05/2014 10:32:10.101750000,932,-231.0293427,-30.17619514,-6.181138039,25.6760273,-28,-69
13/05/2014 10:32:20.101750000,933,-230.8289642,-30.17619514,-6.779286861,25.6760273,-27,-69
13/05/2014 10:32:30.101750000,934,-230.8289642,-30.57324409,-6.181138039,25.6760273,-27,-69
13/05/2014 10:32:40.101750000,935,-229.8271027,-29.77914429,-6.779286861,25.6760273,-28,-69
13/05/2014 10:32:50.101750000,936,-230.4282227,-29.77914429,-6.380520821,25.6760273,-28,-69
13/05/2014 10:33:00.101750000,937,-230.4282227,-30.77176857,-6.579904079,25.6760273,-27,-69
13/05/2014 10:33:10.101750000,938,-229.8271027,-30.37471962,-6.181138039,25.6760273,-27,-69
13/05/2014 10:33:20.101750000,939,-230.6286011,-30.17619514,-6.181138039,25.6760273,-28,-69
13/05/2014 10:33:30.101750000,940,-230.0274811,-30.17619514,-5.782371998,25.6760273,-27,-69
13/05/2014 10:33:40.101750000,941,-230.2278442,-29.97766876,-6.380520821,25.6760273,-28,-69
13/05/2014 10:33:50.101750000,942,-230.2278442,-30.57324409,-7.178052902,25.6760273,-27,-69
13/05/2014 10:34:00.101750000,943,-230.0274811,-29.77914429,-6.579904079,25.6760273,-27,-69
13/05/2014 10:34:10.101750000,944,-230.4282227,-30.77176857,-6.779286861,25.6760273,-27,-69
13/05/2014 10:34:20.101750000,945,-230.2278442,-30.17619514,-5.98175478,25.6760273,-27,-69
13/05/2014 10:34:30.101750000,946,-231.0293427,-30.17619514,-6.97867012,25.6760273,-27,-69
13/05/2014 10:34:40.101750000,947,-230.6286011,-29.58061981,-6.181138039,25.6760273,-27,-69
13/05/2014 10:34:50.101750000,948,-229.8271027,-30.77176857,-6.181138039,25.6760273,-28,-69
13/05/2014 10:35:00.101750000,949,-230.4282227,-30.17619514,-6.181138039,25.6760273,-27,-69
13/05/2014 10:35:10.101750000,950,-230.8289642,-29.77914429,-6.579904079,25.6760273,-27,-69
13/05/2014 10:35:20.101750000,951,-230.2278442,-30.37471962,-7.576818943,25.6760273,-27,-69
13/05/2014 10:35:30.101750000,952,-231.0293427,-29.38209534,-6.380520821,25.6760273,-27,-69
13/05/2014 10:35:40.101750000,953,-230.4282227,-30.37471962,-6.779286861,25.6760273,-28,-69
13/05/2014 10:35:50.101750000,954,-230.4282227,-29.77914429,-6.579904079,25.6760273,-27,-69
13/05/2014 10:36:00.101750000,955,-229.8271027,-30.17619514,-6.779286861,25.6760273,-27,-69
13/05/2014 10:36:10.101750000,956,-231.2297211,-30.37471962,-6.97867012,25.6760273,-28,-69
13/05/2014 10:36:20.101750000,957,-230.4282227,-30.17619514,-6.97867012,25.6760273,-28,-69
13/05/2014 10:36:30.101750000,958,-229.6267242,-30.17619514,-6.579904079,25.6760273,-27,-69
13/05/2014 10:36:40.101750000,959,-230.8289642,-30.37471962,-6.579904079,25.6760273,-27,-69
13/05/2014 10:36:50.101750000,960,-230.6286011,-30.37471962,-6.779286861,25.6760273,-27,-69
13/05/2014 10:37:00.101750000,961,-229.0256195,-29.97766876,-5.98175478,25.6760273,-27,-69
13/05/2014 10:37:10.101750000,962,-230.6286011,-30.37471962,-6.380520821,25.6760273,-27,-69
13/05/2014 10:37:20.101750000,963,-230.6286011,-30.17619514,-6.181138039,25.6760273,-27,-69
13/05/2014 10:37:30.101750000,964,-230.0274811,-30.97029495,-6.181138039,25.6760273,-28,-69
13/05/2014 10:37:40.101750000,965,-229.4263611,-29.97766876,-6.181138039,25.6760273,-28,-69
13/05/2014 10:37:50.101750000,966,-230.0274811,-30.17619514,-6.380520821,25.6760273,-28,-69
13/05/2014 10:38:00.101750000,967,-230.2278442,-30.37471962,-6.779286861,25.6760273,-27,-69
13/05/2014 10:38:10.101750000,968,-230.0274811,-30.37471962,-6.779286861,25.6760273,-27,-69
13/05/2014 10:38:20.101750000,969,-230.6286011,-30.17619514,-6.380520821,25.6760273,-28,-69
13/05/2014 10:38:30.101750000,970,-230.8289642,-29.58061981,-5.98175478,25.6760273,-27,-69
13/05/2014 10:38:40.101750000,971,-230.0274811,-29.97766876,-6.579904079,25.6760273,-27,-69
13/05/2014 10:38:50.101750000,972,-229.6267242,-29.38209534,-6.380520821,25.6760273,-27,-69
13/05/2014 10:39:00.101750000,973,-231.2297211,-30.97029495,-6.97867012,25.6760273,-27,-69
13/05/2014 10:39:10.101750000,974,-230.2278442,-30.57324409,-6.380520821,25.6760273,-27,-69
13/05/2014 10:39:20.101750000,975,-230.8289642,-30.37471962,-5.98175478,25.6760273,-28,-69
13/05/2014 10:39:30.101750000,976,-230.6286011,-30.97029495,-5.782371998,25.6760273,-28,-69
13/05/2014 10:39:40.101750000,977,-230.2278442,-29.77914429,-6.181138039,25.6760273,-28,-69
13/05/2014 10:39:50.101750000,978,-230.4282227,-30.17619514,-6.380520821,25.6760273,-28,-69
13/05/2014 10:40:00.101750000,979,-229.8271027,-29.97766876,-6.779286861,25.6760273,-28,-69
13/05/2014 10:40:10.101750000,980,-230.4282227,-31.3673439,-6.380520821,25.6760273,-28,-69
13/05/2014 10:40:20.101750000,981,-230.0274811,-30.37471962,-6.380520821,25.6760273,-27,-69
13/05/2014 10:40:30.101750000,982,-230.8289642,-30.37471962,-6.579904079,25.6760273,-28,-69
